run_utc	entity_id	entity_type	canonical_name	alias_name	normalized_alias_name	alias_type	resolution_method	similarity	source	source_doc_id	source_url
20260924T225003Z	entity-d2e3a58a105fe0b5	organization	ABC / Washington Post / Roll Call	ABC / Washington Post / Roll Call	abc washington post roll call	asserted_by	canonical_create	1.00	claim_registry		
20260924T225003Z	entity-d2e3a58a105fe0b5	organization	ABC / Washington Post / Roll Call	ABC / Washington Post / Roll Call	abc washington post roll call	canonical	exact	1.00	canonical_seed		
20260924T225003Z	entity-0935ed40e483b61d	organization	ABC News / Forbes	ABC News / Forbes	abc news forbes	asserted_by	canonical_create	1.00	claim_registry		
20260924T225003Z	entity-0935ed40e483b61d	organization	ABC News / Forbes	ABC News / Forbes	abc news forbes	canonical	exact	1.00	canonical_seed		
20260924T225003Z	entity-e7db5216ab0d0833	person	Academic Freedom	Academic Freedom	academic freedom	canonical	exact	1.00	canonical_seed		
20260924T225003Z	entity-e7db5216ab0d0833	person	Academic Freedom	Academic Freedom	academic freedom	extracted_variant	canonical_create	1.00	claim_evidence		
20260924T225003Z	entity-1606cb0fc61484df	person	Accountability Act	Accountability Act	accountability act	canonical	exact	1.00	canonical_seed		
20260924T225003Z	entity-1606cb0fc61484df	person	Accountability Act	Accountability Act	accountability act	extracted_variant	canonical_create	1.00	claim_registry		
20260924T225003Z	entity-4698c87b28037f89	person	Ace Greenberg	Ace Greenberg	ace greenberg	canonical	exact	1.00	canonical_seed		
20260924T225003Z	entity-4698c87b28037f89	person	Ace Greenberg	Ace Greenberg	ace greenberg	profile_slug	canonical_create	1.00	profiles		
20260924T225003Z	entity-e3db59e4ebc69bf1	person	Acting Comptroller General	Acting Comptroller General	acting comptroller general	canonical	exact	1.00	canonical_seed		
20260924T225003Z	entity-e3db59e4ebc69bf1	person	Acting Comptroller General	Acting Comptroller General	acting comptroller general	extracted_variant	canonical_create	1.00	claim_evidence		
20260924T225003Z	entity-f5a72c04f6dd7552	person	Adriana Ross	Adriana Ross	adriana ross	canonical	exact	1.00	canonical_seed		
20260924T225003Z	entity-f5a72c04f6dd7552	person	Adriana Ross	Adriana Ross	adriana ross	profile_slug	canonical_create	1.00	profiles		
20260924T225003Z	entity-537e4623596271ee	person	Al Jazeera	Al Jazeera	al jazeera	canonical	exact	1.00	canonical_seed		
20260924T225003Z	entity-537e4623596271ee	person	Al Jazeera	Al Jazeera	al jazeera	extracted_variant	canonical_create	1.00	claim_evidence		
20260924T225003Z	entity-679804c61adb852d	person	Alan Dershowitz	Alan Dershowitz	alan dershowitz	canonical	exact	1.00	canonical_seed		
20260924T225003Z	entity-679804c61adb852d	person	Alan Dershowitz	Alan Dershowitz	alan dershowitz	extracted_variant	exact	1.00	claim_registry		
20260924T225003Z	entity-679804c61adb852d	person	Alan Dershowitz	Alan Dershowitz	alan dershowitz	profile_slug	canonical_create	1.00	profiles		
20260924T225003Z	entity-8f650823bbc0444e	person	Albert Bryan Jr	Albert Bryan Jr	albert bryan jr	canonical	exact	1.00	canonical_seed		
20260924T225003Z	entity-8f650823bbc0444e	person	Albert Bryan Jr	Albert Bryan Jr	albert bryan jr	extracted_variant	canonical_create	1.00	claim_registry		
20260924T225003Z	entity-90bc43b5c644845b	person	Albuquerque Journal	Albuquerque Journal	albuquerque journal	asserted_by	canonical_create	1.00	claim_registry		
20260924T225003Z	entity-90bc43b5c644845b	person	Albuquerque Journal	Albuquerque Journal	albuquerque journal	canonical	exact	1.00	canonical_seed		
20260924T225003Z	entity-90bc43b5c644845b	person	Albuquerque Journal	Albuquerque Journal	albuquerque journal	extracted_variant	exact	1.00	claim_evidence		
20260924T225003Z	entity-50c1d82b762b5d7d	person	Alexander Acosta	Alexander Acosta	alexander acosta	canonical	exact	1.00	canonical_seed		
20260924T225003Z	entity-50c1d82b762b5d7d	person	Alexander Acosta	Alexander Acosta	alexander acosta	profile_slug	canonical_create	1.00	profiles		
20260924T225003Z	entity-813049e17b4c478d	person	American Banker	American Banker	american banker	canonical	exact	1.00	canonical_seed		
20260924T225003Z	entity-813049e17b4c478d	person	American Banker	American Banker	american banker	extracted_variant	canonical_create	1.00	claim_evidence		
20260924T225003Z	entity-6a40e7e44e3aed13	person	An October	An October	an october	canonical	exact	1.00	canonical_seed		
20260924T225003Z	entity-6a40e7e44e3aed13	person	An October	An October	an october	extracted_variant	canonical_create	1.00	claim_registry		
20260924T225003Z	entity-4059caa9c04f4b7a	person	Andrew Farkas	Andrew Farkas	andrew farkas	canonical	exact	1.00	canonical_seed		
20260924T225003Z	entity-4059caa9c04f4b7a	person	Andrew Farkas	Andrew Farkas	andrew farkas	extracted_variant	exact	1.00	claim_registry		
20260924T225003Z	entity-4059caa9c04f4b7a	person	Andrew Farkas	Andrew Farkas	andrew farkas	profile_slug	canonical_create	1.00	profiles		
20260924T225003Z	entity-64a6675eb9cd75bd	person	Andrew Mountbatten	Andrew Mountbatten	andrew mountbatten	canonical	exact	1.00	canonical_seed		
20260924T225003Z	entity-64a6675eb9cd75bd	person	Andrew Mountbatten	Andrew Mountbatten	andrew mountbatten	extracted_variant	canonical_create	1.00	claim_registry		
20260924T225003Z	entity-399f800c38609fc3	organization	ANSA / Il Tempo	ANSA / Il Tempo	ansa il tempo	asserted_by	canonical_create	1.00	claim_registry		
20260924T225003Z	entity-399f800c38609fc3	organization	ANSA / Il Tempo	ANSA / Il Tempo	ansa il tempo	canonical	exact	1.00	canonical_seed		
20260924T225003Z	entity-036ae4632e833c81	organization	AP	AP	ap	asserted_by	canonical_create	1.00	claim_registry		
20260924T225003Z	entity-036ae4632e833c81	organization	AP	AP	ap	canonical	exact	1.00	canonical_seed		
20260924T225003Z	entity-374124e8488bc942	organization	AP / CBS	AP / CBS	ap cbs	asserted_by	canonical_create	1.00	claim_registry		
20260924T225003Z	entity-374124e8488bc942	organization	AP / CBS	AP / CBS	ap cbs	canonical	exact	1.00	canonical_seed		
20260924T225003Z	entity-207d7ef1b7a6143d	person	Apollo Form	Apollo Form	apollo form	canonical	exact	1.00	canonical_seed		
20260924T225003Z	entity-207d7ef1b7a6143d	person	Apollo Form	Apollo Form	apollo form	extracted_variant	canonical_create	1.00	claim_evidence		
20260924T225003Z	entity-837ba684825e32e8	person	Apollo Global Management	Apollo Global Management	apollo global management	canonical	exact	1.00	canonical_seed		
20260924T225003Z	entity-837ba684825e32e8	person	Apollo Global Management	Apollo Global Management	apollo global management	extracted_variant	canonical_create	1.00	claim_registry		
20260924T225003Z	entity-e8810b897b8aca4d	organization	Apollo Global Management 10-Q	Apollo Global Management 10-Q	apollo global management 10 q	asserted_by	canonical_create	1.00	claim_registry		
20260924T225003Z	entity-e8810b897b8aca4d	organization	Apollo Global Management 10-Q	Apollo Global Management 10-Q	apollo global management 10 q	canonical	exact	1.00	canonical_seed		
20260924T225003Z	entity-3d38d965e23e48c0	person	Attorney General	Attorney General	attorney general	canonical	exact	1.00	canonical_seed		
20260924T225003Z	entity-3d38d965e23e48c0	person	Attorney General	Attorney General	attorney general	extracted_variant	canonical_create	1.00	claim_registry		
20260924T225003Z	entity-26995495d63fa3e7	person	Attorney General Bondi	Attorney General Bondi	attorney general bondi	canonical	exact	1.00	canonical_seed		
20260924T225003Z	entity-26995495d63fa3e7	person	Attorney General Bondi	Attorney General Bondi	attorney general bondi	extracted_variant	canonical_create	1.00	claim_registry		
20260924T225003Z	entity-16c0b8bb566a7911	person	Attorney General Pam Bondi	Attorney General Pam Bondi	attorney general pam bondi	canonical	exact	1.00	canonical_seed		
20260924T225003Z	entity-16c0b8bb566a7911	person	Attorney General Pam Bondi	Attorney General Pam Bondi	attorney general pam bondi	extracted_variant	canonical_create	1.00	claim_registry		
20260924T225003Z	entity-0e64ba235844da61	organization	Axios	Axios	axios	asserted_by	canonical_create	1.00	claim_registry		
20260924T225003Z	entity-0e64ba235844da61	organization	Axios	Axios	axios	canonical	exact	1.00	canonical_seed		
20260924T225003Z	entity-854adf6f389f66d4	organization	Axios (book reporting)	Axios (book reporting)	axios book reporting	asserted_by	canonical_create	1.00	claim_registry		
20260924T225003Z	entity-854adf6f389f66d4	organization	Axios (book reporting)	Axios (book reporting)	axios book reporting	canonical	exact	1.00	canonical_seed		
20260924T225003Z	entity-8c304f4e454fe735	organization	Axios / MS NOW / Raw Story	Axios / MS NOW / Raw Story	axios ms now raw story	asserted_by	canonical_create	1.00	claim_registry		
20260924T225003Z	entity-8c304f4e454fe735	organization	Axios / MS NOW / Raw Story	Axios / MS NOW / Raw Story	axios ms now raw story	canonical	exact	1.00	canonical_seed		
20260924T225003Z	entity-cedb563346b26069	person	Axios / Reuters	Axios / Reuters	axios reuters	asserted_by	canonical_create	1.00	claim_registry		
20260924T225003Z	entity-cedb563346b26069	person	Axios / Reuters	Axios / Reuters	axios reuters	canonical	exact	1.00	canonical_seed		
20260924T225003Z	entity-6b177648621dabff	person	Bard College	Bard College	bard college	canonical	exact	1.00	canonical_seed		
20260924T225003Z	entity-6b177648621dabff	person	Bard College	Bard College	bard college	extracted_variant	canonical_create	1.00	claim_registry		
20260924T225003Z	entity-99914d2375ac2d73	person	Bard College / WilmerHale	Bard College / WilmerHale	bard college wilmerhale	asserted_by	canonical_create	1.00	claim_registry		
20260924T225003Z	entity-99914d2375ac2d73	person	Bard College / WilmerHale	Bard College / WilmerHale	bard college wilmerhale	canonical	exact	1.00	canonical_seed		
20260924T225003Z	entity-80fc8dbd724e1c4a	person	Ben Ray Lujan	Ben Ray Lujan	ben ray lujan	canonical	exact	1.00	canonical_seed		
20260924T225003Z	entity-80fc8dbd724e1c4a	person	Ben Ray Lujan	Ben Ray Lujan	ben ray lujan	extracted_variant	canonical_create	1.00	claim_registry		
20260924T225003Z	entity-5bef924bcbeb2f62	person	Bernard Kruger	Bernard Kruger	bernard kruger	canonical	exact	1.00	canonical_seed		
20260924T225003Z	entity-5bef924bcbeb2f62	person	Bernard Kruger	Bernard Kruger	bernard kruger	extracted_variant	canonical_create	1.00	claim_registry		
20260924T225003Z	entity-1224cb9b9413e417	person	Bill Clinton	Bill Clinton	bill clinton	canonical	exact	1.00	canonical_seed		
20260924T225003Z	entity-1224cb9b9413e417	person	Bill Clinton	Bill Clinton	bill clinton	extracted_variant	exact	1.00	claim_registry		
20260924T225003Z	entity-1224cb9b9413e417	person	Bill Clinton	Bill Clinton	bill clinton	profile_slug	canonical_create	1.00	profiles		
20260924T225003Z	entity-1aa87865f2661e67	person	Bill Gates	Bill Gates	bill gates	canonical	exact	1.00	canonical_seed		
20260924T225003Z	entity-1aa87865f2661e67	person	Bill Gates	Bill Gates	bill gates	extracted_variant	exact	1.00	claim_registry		
20260924T225003Z	entity-1aa87865f2661e67	person	Bill Gates	Bill Gates	bill gates	profile_slug	canonical_create	1.00	profiles		
20260924T225003Z	entity-93fb04647e3bb66c	person	Bill Richardson	Bill Richardson	bill richardson	canonical	exact	1.00	canonical_seed		
20260924T225003Z	entity-93fb04647e3bb66c	person	Bill Richardson	Bill Richardson	bill richardson	profile_slug	canonical_create	1.00	profiles		
20260924T225003Z	entity-8c24a6f229e9ca6c	person	Black Family Visual Arts	Black Family Visual Arts	black family visual arts	canonical	exact	1.00	canonical_seed		
20260924T225003Z	entity-8c24a6f229e9ca6c	person	Black Family Visual Arts	Black Family Visual Arts	black family visual arts	extracted_variant	canonical_create	1.00	claim_registry		
20260924T225003Z	entity-710da487a88a991f	organization	Bloomberg	Bloomberg	bloomberg	asserted_by	canonical_create	1.00	claim_registry		
20260924T225003Z	entity-710da487a88a991f	organization	Bloomberg	Bloomberg	bloomberg	canonical	exact	1.00	canonical_seed		
20260924T225003Z	entity-c0a27ca6694a57bc	organization	Bloomberg / CNN	Bloomberg / CNN	bloomberg cnn	asserted_by	canonical_create	1.00	claim_registry		
20260924T225003Z	entity-c0a27ca6694a57bc	organization	Bloomberg / CNN	Bloomberg / CNN	bloomberg cnn	canonical	exact	1.00	canonical_seed		
20260924T225003Z	entity-acfd6362a76681d0	person	Bloomberg Law	Bloomberg Law	bloomberg law	asserted_by	canonical_create	1.00	claim_registry		
20260924T225003Z	entity-acfd6362a76681d0	person	Bloomberg Law	Bloomberg Law	bloomberg law	canonical	exact	1.00	canonical_seed		
20260924T225003Z	entity-acfd6362a76681d0	person	Bloomberg Law	Bloomberg Law	bloomberg law	extracted_variant	exact	1.00	claim_evidence		
20260924T225003Z	entity-3461629b491e9fe6	person	Borge Brende	Borge Brende	borge brende	canonical	exact	1.00	canonical_seed		
20260924T225003Z	entity-3461629b491e9fe6	person	Borge Brende	Borge Brende	borge brende	profile_slug	canonical_create	1.00	profiles		
20260924T225003Z	entity-5b324f883bea1785	person	Brad Karp	Brad Karp	brad karp	canonical	exact	1.00	canonical_seed		
20260924T225003Z	entity-5b324f883bea1785	person	Brad Karp	Brad Karp	brad karp	profile_slug	canonical_create	1.00	profiles		
20260924T225003Z	entity-151d0766bc9ea7e5	person	Brett Ratner	Brett Ratner	brett ratner	canonical	exact	1.00	canonical_seed		
20260924T225003Z	entity-151d0766bc9ea7e5	person	Brett Ratner	Brett Ratner	brett ratner	profile_slug	canonical_create	1.00	profiles		
20260924T225003Z	entity-4c7d955d10cfe9c1	person	Business Today Malaysia	Business Today Malaysia	business today malaysia	canonical	exact	1.00	canonical_seed		
20260924T225003Z	entity-4c7d955d10cfe9c1	person	Business Today Malaysia	Business Today Malaysia	business today malaysia	extracted_variant	canonical_create	1.00	claim_evidence		
20260924T225003Z	entity-790b0c63071e3ea2	person	By May	By May	by may	canonical	exact	1.00	canonical_seed		
20260924T225003Z	entity-790b0c63071e3ea2	person	By May	By May	by may	extracted_variant	canonical_create	1.00	claim_registry		
20260924T225003Z	entity-26fdf29c448e0da9	person	Casey Wasserman	Casey Wasserman	casey wasserman	canonical	exact	1.00	canonical_seed		
20260924T225003Z	entity-26fdf29c448e0da9	person	Casey Wasserman	Casey Wasserman	casey wasserman	extracted_variant	exact	1.00	claim_registry		
20260924T225003Z	entity-26fdf29c448e0da9	person	Casey Wasserman	Casey Wasserman	casey wasserman	profile_slug	canonical_create	1.00	profiles		
20260924T225003Z	entity-18588809753f7dd5	organization	CBS News / Axios	CBS News / Axios	cbs news axios	asserted_by	canonical_create	1.00	claim_registry		
20260924T225003Z	entity-18588809753f7dd5	organization	CBS News / Axios	CBS News / Axios	cbs news axios	canonical	exact	1.00	canonical_seed		
20260924T225003Z	entity-bb9a5919ce5c4db6	person	City Council	City Council	city council	canonical	exact	1.00	canonical_seed		
20260924T225003Z	entity-bb9a5919ce5c4db6	person	City Council	City Council	city council	extracted_variant	canonical_create	1.00	claim_registry		
20260924T225003Z	entity-238f3a9f831a78d1	organization	Civil Rights Litigation Clearinghouse	Civil Rights Litigation Clearinghouse	civil rights litigation clearinghouse	canonical	exact	1.00	canonical_seed		
20260924T225003Z	entity-238f3a9f831a78d1	organization	Civil Rights Litigation Clearinghouse	Civil Rights Litigation Clearinghouse	civil rights litigation clearinghouse	extracted_variant	canonical_create	1.00	claim_evidence		
20260924T225003Z	entity-654dc6168a87f696	organization	CNBC / NBC / CNN	CNBC / NBC / CNN	cnbc nbc cnn	asserted_by	canonical_create	1.00	claim_registry		
20260924T225003Z	entity-654dc6168a87f696	organization	CNBC / NBC / CNN	CNBC / NBC / CNN	cnbc nbc cnn	canonical	exact	1.00	canonical_seed		
20260924T225003Z	entity-973e88eea73760a7	organization	CNBC / Yale Daily News	CNBC / Yale Daily News	cnbc yale daily news	asserted_by	canonical_create	1.00	claim_registry		
20260924T225003Z	entity-973e88eea73760a7	organization	CNBC / Yale Daily News	CNBC / Yale Daily News	cnbc yale daily news	canonical	exact	1.00	canonical_seed		
20260924T225003Z	entity-62afde69ea8bce50	organization	CNN	CNN	cnn	asserted_by	canonical_create	1.00	claim_registry		
20260924T225003Z	entity-62afde69ea8bce50	organization	CNN	CNN	cnn	canonical	exact	1.00	canonical_seed		
20260924T225003Z	entity-32a82c38a5680868	organization	CNN / Al Jazeera	CNN / Al Jazeera	cnn al jazeera	asserted_by	canonical_create	1.00	claim_registry		
20260924T225003Z	entity-32a82c38a5680868	organization	CNN / Al Jazeera	CNN / Al Jazeera	cnn al jazeera	canonical	exact	1.00	canonical_seed		
20260924T225003Z	entity-777acc30b4e928e2	organization	CNN / CBS / NBC	CNN / CBS / NBC	cnn cbs nbc	asserted_by	canonical_create	1.00	claim_registry		
20260924T225003Z	entity-777acc30b4e928e2	organization	CNN / CBS / NBC	CNN / CBS / NBC	cnn cbs nbc	canonical	exact	1.00	canonical_seed		
20260924T225003Z	entity-4591a9d245e3971e	organization	CNN / Forbes	CNN / Forbes	cnn forbes	asserted_by	canonical_create	1.00	claim_registry		
20260924T225003Z	entity-4591a9d245e3971e	organization	CNN / Forbes	CNN / Forbes	cnn forbes	canonical	exact	1.00	canonical_seed		
20260924T225003Z	entity-79d6d3db3c08f3c5	organization	CNN / ITV	CNN / ITV	cnn itv	asserted_by	canonical_create	1.00	claim_registry		
20260924T225003Z	entity-79d6d3db3c08f3c5	organization	CNN / ITV	CNN / ITV	cnn itv	canonical	exact	1.00	canonical_seed		
20260924T225003Z	entity-4196c2f9fd8f3be4	organization	CNN / Virgin Islands Daily News	CNN / Virgin Islands Daily News	cnn virgin islands daily news	asserted_by	canonical_create	1.00	claim_registry		
20260924T225003Z	entity-4196c2f9fd8f3be4	organization	CNN / Virgin Islands Daily News	CNN / Virgin Islands Daily News	cnn virgin islands daily news	canonical	exact	1.00	canonical_seed		
20260924T225003Z	entity-09f2b6600141432c	person	Columbia Spectator	Columbia Spectator	columbia spectator	canonical	exact	1.00	canonical_seed		
20260924T225003Z	entity-09f2b6600141432c	person	Columbia Spectator	Columbia Spectator	columbia spectator	extracted_variant	canonical_create	1.00	claim_evidence		
20260924T225003Z	entity-c6be3b8608b07ff2	person	Columbia University	Columbia University	columbia university	asserted_by	canonical_create	1.00	claim_registry		
20260924T225003Z	entity-c6be3b8608b07ff2	person	Columbia University	Columbia University	columbia university	canonical	exact	1.00	canonical_seed		
20260924T225003Z	entity-c6be3b8608b07ff2	person	Columbia University	Columbia University	columbia university	extracted_variant	exact	1.00	claim_registry		
20260924T225003Z	entity-28c232863bf312d5	person	Commissioner Roger Goodell	Commissioner Roger Goodell	commissioner roger goodell	canonical	exact	1.00	canonical_seed		
20260924T225003Z	entity-28c232863bf312d5	person	Commissioner Roger Goodell	Commissioner Roger Goodell	commissioner roger goodell	extracted_variant	canonical_create	1.00	claim_registry		
20260924T225003Z	entity-9dd65cb94f3bcd3d	person	Concord Monitor	Concord Monitor	concord monitor	canonical	exact	1.00	canonical_seed		
20260924T225003Z	entity-9dd65cb94f3bcd3d	person	Concord Monitor	Concord Monitor	concord monitor	extracted_variant	canonical_create	1.00	claim_evidence		
20260924T225003Z	entity-c108d1b7305684d9	organization	Congress.gov	Congress.gov	congress gov	asserted_by	canonical_create	1.00	claim_registry		
20260924T225003Z	entity-c108d1b7305684d9	organization	Congress.gov	Congress.gov	congress gov	canonical	exact	1.00	canonical_seed		
20260924T225003Z	entity-9c51c2fbd8055043	organization	Congress.gov / Rep. Massie	Congress.gov / Rep. Massie	congress gov rep massie	asserted_by	canonical_create	1.00	claim_registry		
20260924T225003Z	entity-9c51c2fbd8055043	organization	Congress.gov / Rep. Massie	Congress.gov / Rep. Massie	congress gov rep massie	canonical	exact	1.00	canonical_seed		
20260924T225003Z	entity-ab2b95ba7138bc14	organization	Congressional Record / Senate Finance Committee (minority)	Congressional Record / Senate Finance Committee (minority)	congressional record senate finance committee minority	asserted_by	canonical_create	1.00	claim_registry		
20260924T225003Z	entity-ab2b95ba7138bc14	organization	Congressional Record / Senate Finance Committee (minority)	Congressional Record / Senate Finance Committee (minority)	congressional record senate finance committee minority	canonical	exact	1.00	canonical_seed		
20260924T225003Z	entity-4fb5c7479c1ec23c	person	Correio Braziliense	Correio Braziliense	correio braziliense	canonical	exact	1.00	canonical_seed		
20260924T225003Z	entity-4fb5c7479c1ec23c	person	Correio Braziliense	Correio Braziliense	correio braziliense	extracted_variant	canonical_create	1.00	claim_evidence		
20260924T225003Z	entity-0bf155bbfbaaf02c	organization	Correio Braziliense / Gazeta do Povo	Correio Braziliense / Gazeta do Povo	correio braziliense gazeta do povo	asserted_by	canonical_create	1.00	claim_registry		
20260924T225003Z	entity-0bf155bbfbaaf02c	organization	Correio Braziliense / Gazeta do Povo	Correio Braziliense / Gazeta do Povo	correio braziliense gazeta do povo	canonical	exact	1.00	canonical_seed		
20260924T225003Z	entity-eba3887ac6b8f062	organization	Courthouse News	Courthouse News	courthouse news	canonical	exact	1.00	canonical_seed		
20260924T225003Z	entity-eba3887ac6b8f062	organization	Courthouse News	Courthouse News	courthouse news	extracted_variant	canonical_create	1.00	claim_evidence		
20260924T225003Z	entity-728f219a5451b274	organization	Courthouse News / Law Commentary	Courthouse News / Law Commentary	courthouse news law commentary	asserted_by	canonical_create	1.00	claim_registry		
20260924T225003Z	entity-728f219a5451b274	organization	Courthouse News / Law Commentary	Courthouse News / Law Commentary	courthouse news law commentary	canonical	exact	1.00	canonical_seed		
20260924T225003Z	entity-d6d63cff16637cdd	organization	Courthouse News / Political Wire	Courthouse News / Political Wire	courthouse news political wire	asserted_by	canonical_create	1.00	claim_registry		
20260924T225003Z	entity-d6d63cff16637cdd	organization	Courthouse News / Political Wire	Courthouse News / Political Wire	courthouse news political wire	canonical	exact	1.00	canonical_seed		
20260924T225003Z	entity-9b99eb08b55078d3	organization	Courtney Wild	Courtney Wild	courtney wild	canonical	exact	1.00	canonical_seed		
20260924T225003Z	entity-9b99eb08b55078d3	organization	Courtney Wild	Courtney Wild	courtney wild	profile_slug	canonical_create	1.00	profiles		
20260924T225003Z	entity-43313d7eec1057d6	person	Crown Princess Mette Marit	Crown Princess Mette Marit	crown princess mette marit	canonical	exact	1.00	canonical_seed		
20260924T225003Z	entity-43313d7eec1057d6	person	Crown Princess Mette Marit	Crown Princess Mette Marit	crown princess mette marit	profile_slug	canonical_create	1.00	profiles		
20260924T225003Z	entity-e971dc3e0f0bf893	person	Cynthia Lummis	Cynthia Lummis	cynthia lummis	canonical	exact	1.00	canonical_seed		
20260924T225003Z	entity-e971dc3e0f0bf893	person	Cynthia Lummis	Cynthia Lummis	cynthia lummis	profile_slug	canonical_create	1.00	profiles		
20260924T225003Z	entity-0aa74c5d6e170d60	person	Daily Beast	Daily Beast	daily beast	canonical	exact	1.00	canonical_seed		
20260924T225003Z	entity-0aa74c5d6e170d60	person	Daily Beast	Daily Beast	daily beast	extracted_variant	canonical_create	1.00	claim_evidence		
20260924T225003Z	entity-1ddfcaa25051e9c6	person	Daily Star	Daily Star	daily star	canonical	exact	1.00	canonical_seed		
20260924T225003Z	entity-1ddfcaa25051e9c6	person	Daily Star	Daily Star	daily star	extracted_variant	canonical_create	1.00	claim_evidence		
20260924T225003Z	entity-fb1c798c4c966c60	person	Daniel Siad	Daniel Siad	daniel siad	canonical	exact	1.00	canonical_seed		
20260924T225003Z	entity-fb1c798c4c966c60	person	Daniel Siad	Daniel Siad	daniel siad	extracted_variant	exact	1.00	claim_registry		
20260924T225003Z	entity-fb1c798c4c966c60	person	Daniel Siad	Daniel Siad	daniel siad	profile_slug	canonical_create	1.00	profiles		
20260924T225003Z	entity-f2deca04c59ac089	person	Darren Indyke	Darren Indyke	darren indyke	canonical	exact	1.00	canonical_seed		
20260924T225003Z	entity-f2deca04c59ac089	person	Darren Indyke	Darren Indyke	darren indyke	extracted_variant	exact	1.00	claim_registry		
20260924T225003Z	entity-f2deca04c59ac089	person	Darren Indyke	Darren Indyke	darren indyke	profile_slug	canonical_create	1.00	profiles		
20260924T225003Z	entity-c5583389b7908d66	person	David Copperfield	David Copperfield	david copperfield	canonical	exact	1.00	canonical_seed		
20260924T225003Z	entity-c5583389b7908d66	person	David Copperfield	David Copperfield	david copperfield	profile_slug	canonical_create	1.00	profiles		
20260924T225003Z	entity-f05bcf035b983ba3	person	David Gelernter	David Gelernter	david gelernter	canonical	exact	1.00	canonical_seed		
20260924T225003Z	entity-f05bcf035b983ba3	person	David Gelernter	David Gelernter	david gelernter	extracted_variant	canonical_create	1.00	claim_registry		
20260924T225003Z	entity-22cd676cce512bc3	person	Dean Kamen	Dean Kamen	dean kamen	canonical	exact	1.00	canonical_seed		
20260924T225003Z	entity-22cd676cce512bc3	person	Dean Kamen	Dean Kamen	dean kamen	extracted_variant	exact	1.00	claim_registry		
20260924T225003Z	entity-22cd676cce512bc3	person	Dean Kamen	Dean Kamen	dean kamen	profile_slug	canonical_create	1.00	profiles		
20260924T225003Z	entity-5ec021a109e0e805	person	Debate Clause	Debate Clause	debate clause	canonical	exact	1.00	canonical_seed		
20260924T225003Z	entity-5ec021a109e0e805	person	Debate Clause	Debate Clause	debate clause	extracted_variant	canonical_create	1.00	claim_registry		
20260924T225003Z	entity-b0b98eed53269024	person	Deepak Chopra	Deepak Chopra	deepak chopra	canonical	exact	1.00	canonical_seed		
20260924T225003Z	entity-b0b98eed53269024	person	Deepak Chopra	Deepak Chopra	deepak chopra	extracted_variant	exact	1.00	claim_registry		
20260924T225003Z	entity-b0b98eed53269024	person	Deepak Chopra	Deepak Chopra	deepak chopra	profile_slug	canonical_create	1.00	profiles		
20260924T225003Z	entity-daddf64eb5fdd350	person	Denise George	Denise George	denise george	canonical	exact	1.00	canonical_seed		
20260924T225003Z	entity-daddf64eb5fdd350	person	Denise George	Denise George	denise george	extracted_variant	canonical_create	1.00	claim_registry		
20260924T225003Z	entity-2a2254a758ef31ea	person	Dental Medicine	Dental Medicine	dental medicine	canonical	exact	1.00	canonical_seed		
20260924T225003Z	entity-2a2254a758ef31ea	person	Dental Medicine	Dental Medicine	dental medicine	extracted_variant	canonical_create	1.00	claim_registry		
20260924T225003Z	entity-14e5bf4d8891a8ca	person	Deputy Attorney General Todd	Deputy Attorney General Todd	deputy attorney general todd	canonical	exact	1.00	canonical_seed		
20260924T225003Z	entity-14e5bf4d8891a8ca	person	Deputy Attorney General Todd	Deputy Attorney General Todd	deputy attorney general todd	extracted_variant	canonical_create	1.00	claim_registry		
20260924T225003Z	entity-306b03e7b60ed8ac	person	Deutsche Bank	Deutsche Bank	deutsche bank	canonical	exact	1.00	canonical_seed		
20260924T225003Z	entity-306b03e7b60ed8ac	person	Deutsche Bank	Deutsche Bank	deutsche bank	extracted_variant	canonical_create	1.00	claim_registry		
20260924T225003Z	entity-24c6068dc2457e48	person	Digital Garage	Digital Garage	digital garage	canonical	exact	1.00	canonical_seed		
20260924T225003Z	entity-24c6068dc2457e48	person	Digital Garage	Digital Garage	digital garage	extracted_variant	canonical_create	1.00	claim_registry		
20260924T225003Z	entity-6c371071fbd36978	organization	DOJ (reported by Reuters/CNN)	DOJ (reported by Reuters/CNN)	doj reported by reuters cnn	asserted_by	canonical_create	1.00	claim_registry		
20260924T225003Z	entity-6c371071fbd36978	organization	DOJ (reported by Reuters/CNN)	DOJ (reported by Reuters/CNN)	doj reported by reuters cnn	canonical	exact	1.00	canonical_seed		
20260924T225003Z	entity-fd0bdbd930fee3f7	organization	DOJ OPA	DOJ OPA	doj opa	asserted_by	canonical_create	1.00	claim_registry		
20260924T225003Z	entity-fd0bdbd930fee3f7	organization	DOJ OPA	DOJ OPA	doj opa	canonical	exact	1.00	canonical_seed		
20260924T225003Z	entity-d6bb4e194670c116	person	Donald Trump	Donald Trump	donald trump	canonical	exact	1.00	canonical_seed		
20260924T225003Z	entity-d6bb4e194670c116	person	Donald Trump	Donald Trump	donald trump	profile_slug	canonical_create	1.00	profiles		
20260924T225003Z	entity-19cabbc507475d5c	person	Doug Band	Doug Band	doug band	canonical	exact	1.00	canonical_seed		
20260924T225003Z	entity-19cabbc507475d5c	person	Doug Band	Doug Band	doug band	extracted_variant	exact	1.00	claim_registry		
20260924T225003Z	entity-19cabbc507475d5c	person	Doug Band	Doug Band	doug band	profile_slug	canonical_create	1.00	profiles		
20260924T225003Z	entity-196c7be6e3493b2c	person	Downing Street	Downing Street	downing street	canonical	exact	1.00	canonical_seed		
20260924T225003Z	entity-196c7be6e3493b2c	person	Downing Street	Downing Street	downing street	extracted_variant	canonical_create	1.00	claim_registry		
20260924T225003Z	entity-f08956ff61ca78ff	person	Efrain Reyes	Efrain Reyes	efrain reyes	canonical	exact	1.00	canonical_seed		
20260924T225003Z	entity-f08956ff61ca78ff	person	Efrain Reyes	Efrain Reyes	efrain reyes	profile_slug	canonical_create	1.00	profiles		
20260924T225003Z	entity-5fef7ebbff6ee0d9	person	Ehud Barak	Ehud Barak	ehud barak	canonical	exact	1.00	canonical_seed		
20260924T225003Z	entity-5fef7ebbff6ee0d9	person	Ehud Barak	Ehud Barak	ehud barak	profile_slug	canonical_create	1.00	profiles		
20260924T225003Z	entity-25c08d53577a23b8	person	Elon Musk	Elon Musk	elon musk	canonical	exact	1.00	canonical_seed		
20260924T225003Z	entity-25c08d53577a23b8	person	Elon Musk	Elon Musk	elon musk	profile_slug	canonical_create	1.00	profiles		
20260924T225003Z	entity-b86f30ee90611b5a	person	Epstein Files Transparency Act	Epstein Files Transparency Act	epstein files transparency act	canonical	exact	1.00	canonical_seed		
20260924T225003Z	entity-b86f30ee90611b5a	person	Epstein Files Transparency Act	Epstein Files Transparency Act	epstein files transparency act	extracted_variant	canonical_create	1.00	claim_registry		
20260924T225003Z	entity-22d82201118d2fca	person	Euronews / The Local Norway	Euronews / The Local Norway	euronews the local norway	asserted_by	canonical_create	1.00	claim_registry		
20260924T225003Z	entity-22d82201118d2fca	person	Euronews / The Local Norway	Euronews / The Local Norway	euronews the local norway	canonical	exact	1.00	canonical_seed		
20260924T225003Z	entity-a2ae794ee60df01d	person	Executive Chairman	Executive Chairman	executive chairman	canonical	exact	1.00	canonical_seed		
20260924T225003Z	entity-a2ae794ee60df01d	person	Executive Chairman	Executive Chairman	executive chairman	extracted_variant	canonical_create	1.00	claim_evidence		
20260924T225003Z	entity-4faf283f30fc3a21	person	Federal Public Prosecutor	Federal Public Prosecutor	federal public prosecutor	canonical	exact	1.00	canonical_seed		
20260924T225003Z	entity-4faf283f30fc3a21	person	Federal Public Prosecutor	Federal Public Prosecutor	federal public prosecutor	extracted_variant	canonical_create	1.00	claim_registry		
20260924T225003Z	entity-f52d00ba39b59c03	person	Federal Tort Claims Act	Federal Tort Claims Act	federal tort claims act	canonical	exact	1.00	canonical_seed		
20260924T225003Z	entity-f52d00ba39b59c03	person	Federal Tort Claims Act	Federal Tort Claims Act	federal tort claims act	extracted_variant	canonical_create	1.00	claim_registry		
20260924T225003Z	entity-8658cad20b1d790a	person	First BanCorp / American Banker	First BanCorp / American Banker	first bancorp american banker	asserted_by	canonical_create	1.00	claim_registry		
20260924T225003Z	entity-8658cad20b1d790a	person	First BanCorp / American Banker	First BanCorp / American Banker	first bancorp american banker	canonical	exact	1.00	canonical_seed		
20260924T225003Z	entity-a6fa76b525edbdd3	person	Former Attorney General Pam	Former Attorney General Pam	former attorney general pam	canonical	exact	1.00	canonical_seed		
20260924T225003Z	entity-a6fa76b525edbdd3	person	Former Attorney General Pam	Former Attorney General Pam	former attorney general pam	extracted_variant	canonical_create	1.00	claim_registry		
20260924T225003Z	entity-76a95731825f77d1	person	Frederic Fekkai	Frederic Fekkai	frederic fekkai	canonical	exact	1.00	canonical_seed		
20260924T225003Z	entity-76a95731825f77d1	person	Frederic Fekkai	Frederic Fekkai	frederic fekkai	extracted_variant	exact	1.00	claim_registry		
20260924T225003Z	entity-76a95731825f77d1	person	Frederic Fekkai	Frederic Fekkai	frederic fekkai	profile_slug	canonical_create	1.00	profiles		
20260924T225003Z	entity-f034b2022b128bd9	organization	Front Office Sports	Front Office Sports	front office sports	canonical	exact	1.00	canonical_seed		
20260924T225003Z	entity-f034b2022b128bd9	organization	Front Office Sports	Front Office Sports	front office sports	extracted_variant	canonical_create	1.00	claim_evidence		
20260924T225003Z	entity-a1b2f3d85267898f	organization	Front Office Sports / NBC Sports	Front Office Sports / NBC Sports	front office sports nbc sports	asserted_by	canonical_create	1.00	claim_registry		
20260924T225003Z	entity-a1b2f3d85267898f	organization	Front Office Sports / NBC Sports	Front Office Sports / NBC Sports	front office sports nbc sports	canonical	exact	1.00	canonical_seed		
20260924T225003Z	entity-744dfa0d10cce3cd	person	Gates Foundation	Gates Foundation	gates foundation	asserted_by	canonical_create	1.00	claim_registry		
20260924T225003Z	entity-744dfa0d10cce3cd	person	Gates Foundation	Gates Foundation	gates foundation	canonical	exact	1.00	canonical_seed		
20260924T225003Z	entity-744dfa0d10cce3cd	person	Gates Foundation	Gates Foundation	gates foundation	extracted_variant	exact	1.00	claim_evidence		
20260924T225003Z	entity-4ca90d4d3ed57d19	person	George Mitchell	George Mitchell	george mitchell	canonical	exact	1.00	canonical_seed		
20260924T225003Z	entity-4ca90d4d3ed57d19	person	George Mitchell	George Mitchell	george mitchell	profile_slug	canonical_create	1.00	profiles		
20260924T225003Z	entity-ee21b747d67e15ad	person	George Stephanopoulos	George Stephanopoulos	george stephanopoulos	canonical	exact	1.00	canonical_seed		
20260924T225003Z	entity-ee21b747d67e15ad	person	George Stephanopoulos	George Stephanopoulos	george stephanopoulos	profile_slug	canonical_create	1.00	profiles		
20260924T225003Z	entity-23105438c998fc4a	person	Ghislaine Maxwell	Ghislaine Maxwell	ghislaine maxwell	canonical	exact	1.00	canonical_seed		
20260924T225003Z	entity-23105438c998fc4a	person	Ghislaine Maxwell	Ghislaine Maxwell	ghislaine maxwell	extracted_variant	exact	1.00	claim_registry		
20260924T225003Z	entity-23105438c998fc4a	person	Ghislaine Maxwell	Ghislaine Maxwell	ghislaine maxwell	profile_slug	canonical_create	1.00	profiles		
20260924T225003Z	entity-3ea30066741268c4	organization	Glenn and Eva Dubin	Glenn and Eva Dubin	glenn and eva dubin	canonical	exact	1.00	canonical_seed		
20260924T225003Z	entity-3ea30066741268c4	organization	Glenn and Eva Dubin	Glenn and Eva Dubin	glenn and eva dubin	profile_slug	canonical_create	1.00	profiles		
20260924T225003Z	entity-709624e3979225cc	person	Goldman Sachs	Goldman Sachs	goldman sachs	canonical	exact	1.00	canonical_seed		
20260924T225003Z	entity-709624e3979225cc	person	Goldman Sachs	Goldman Sachs	goldman sachs	extracted_variant	canonical_create	1.00	claim_registry		
20260924T225003Z	entity-fb0bbb51dc5e1f27	organization	Goldman Sachs (SEC filing)	Goldman Sachs (SEC filing)	goldman sachs sec filing	asserted_by	canonical_create	1.00	claim_registry		
20260924T225003Z	entity-fb0bbb51dc5e1f27	organization	Goldman Sachs (SEC filing)	Goldman Sachs (SEC filing)	goldman sachs sec filing	canonical	exact	1.00	canonical_seed		
20260924T225003Z	entity-ee9c4268579a733c	person	Goldman Sachs Form	Goldman Sachs Form	goldman sachs form	canonical	exact	1.00	canonical_seed		
20260924T225003Z	entity-ee9c4268579a733c	person	Goldman Sachs Form	Goldman Sachs Form	goldman sachs form	extracted_variant	canonical_create	1.00	claim_evidence		
20260924T225003Z	entity-8d5d8ed260c8795d	organization	Government of Norway	Government of Norway	government of norway	asserted_by	canonical_create	1.00	claim_registry		
20260924T225003Z	entity-8d5d8ed260c8795d	organization	Government of Norway	Government of Norway	government of norway	canonical	exact	1.00	canonical_seed		
20260924T225003Z	entity-3b856f4e3fc9e379	organization	GovInfo	GovInfo	govinfo	asserted_by	canonical_create	1.00	claim_registry		
20260924T225003Z	entity-3b856f4e3fc9e379	organization	GovInfo	GovInfo	govinfo	canonical	exact	1.00	canonical_seed		
20260924T225003Z	entity-586b9b13152c0c8d	person	GovInfo / Sen. Lujan	GovInfo / Sen. Lujan	govinfo sen lujan	asserted_by	canonical_create	1.00	claim_registry		
20260924T225003Z	entity-586b9b13152c0c8d	person	GovInfo / Sen. Lujan	GovInfo / Sen. Lujan	govinfo sen lujan	canonical	exact	1.00	canonical_seed		
20260924T225003Z	entity-4f597482babfa436	organization	GovTrack/GovInfo	GovTrack/GovInfo	govtrack govinfo	asserted_by	canonical_create	1.00	claim_registry		
20260924T225003Z	entity-4f597482babfa436	organization	GovTrack/GovInfo	GovTrack/GovInfo	govtrack govinfo	canonical	exact	1.00	canonical_seed		
20260924T225003Z	entity-4ec3be9443b1d7b1	person	Harvard Crimson	Harvard Crimson	harvard crimson	canonical	exact	1.00	canonical_seed		
20260924T225003Z	entity-4ec3be9443b1d7b1	person	Harvard Crimson	Harvard Crimson	harvard crimson	extracted_variant	canonical_create	1.00	claim_evidence		
20260924T225003Z	entity-47915ecd94d4d998	person	Harvard Medical School	Harvard Medical School	harvard medical school	canonical	exact	1.00	canonical_seed		
20260924T225003Z	entity-47915ecd94d4d998	person	Harvard Medical School	Harvard Medical School	harvard medical school	extracted_variant	canonical_create	1.00	claim_registry		
20260924T225003Z	entity-ef11abe5cfaf92b5	person	Hasty Pudding	Hasty Pudding	hasty pudding	canonical	exact	1.00	canonical_seed		
20260924T225003Z	entity-ef11abe5cfaf92b5	person	Hasty Pudding	Hasty Pudding	hasty pudding	extracted_variant	canonical_create	1.00	claim_evidence		
20260924T225003Z	entity-dd6e14570a72293f	person	Hasty Pudding Institute	Hasty Pudding Institute	hasty pudding institute	canonical	exact	1.00	canonical_seed		
20260924T225003Z	entity-dd6e14570a72293f	person	Hasty Pudding Institute	Hasty Pudding Institute	hasty pudding institute	extracted_variant	canonical_create	1.00	claim_registry		
20260924T225003Z	entity-981a6c9bfbd7e3e6	person	Hasty Pudding Theatricals	Hasty Pudding Theatricals	hasty pudding theatricals	canonical	exact	1.00	canonical_seed		
20260924T225003Z	entity-981a6c9bfbd7e3e6	person	Hasty Pudding Theatricals	Hasty Pudding Theatricals	hasty pudding theatricals	extracted_variant	canonical_create	1.00	claim_registry		
20260924T225003Z	entity-bf358c5b7685fac1	person	Hillary Clinton	Hillary Clinton	hillary clinton	canonical	exact	1.00	canonical_seed		
20260924T225003Z	entity-bf358c5b7685fac1	person	Hillary Clinton	Hillary Clinton	hillary clinton	profile_slug	canonical_create	1.00	profiles		
20260924T225003Z	entity-49f9302382c48909	organization	House Judiciary Committee	House Judiciary Committee	house judiciary committee	asserted_by	canonical_create	1.00	claim_registry		
20260924T225003Z	entity-49f9302382c48909	organization	House Judiciary Committee	House Judiciary Committee	house judiciary committee	canonical	exact	1.00	canonical_seed		
20260924T225003Z	entity-1df491a84f0fd308	organization	House Judiciary Committee Democrats	House Judiciary Committee Democrats	house judiciary committee democrats	asserted_by	canonical_create	1.00	claim_registry		
20260924T225003Z	entity-1df491a84f0fd308	organization	House Judiciary Committee Democrats	House Judiciary Committee Democrats	house judiciary committee democrats	canonical	exact	1.00	canonical_seed		
20260924T225003Z	entity-1df491a84f0fd308	organization	House Judiciary Committee Democrats	House Judiciary Committee Democrats	house judiciary committee democrats	extracted_variant	exact	1.00	claim_registry		
20260924T225003Z	entity-aaafde24e34b3848	organization	House Judiciary Democrats	House Judiciary Democrats	house judiciary democrats	canonical	exact	1.00	canonical_seed		
20260924T225003Z	entity-aaafde24e34b3848	organization	House Judiciary Democrats	House Judiciary Democrats	house judiciary democrats	extracted_variant	canonical_create	1.00	claim_evidence		
20260924T225003Z	entity-830f12ed0aa247a2	organization	House Judiciary Democrats / Rep. Deborah Ross	House Judiciary Democrats / Rep. Deborah Ross	house judiciary democrats rep deborah ross	asserted_by	canonical_create	1.00	claim_registry		
20260924T225003Z	entity-830f12ed0aa247a2	organization	House Judiciary Democrats / Rep. Deborah Ross	House Judiciary Democrats / Rep. Deborah Ross	house judiciary democrats rep deborah ross	canonical	exact	1.00	canonical_seed		
20260924T225003Z	entity-b6211c4aaaa9249e	organization	House Oversight	House Oversight	house oversight	canonical	exact	1.00	canonical_seed		
20260924T225003Z	entity-b6211c4aaaa9249e	organization	House Oversight	House Oversight	house oversight	extracted_variant	canonical_create	1.00	claim_registry		
20260924T225003Z	entity-c063bdb0659b20c4	organization	House Oversight Chairman James	House Oversight Chairman James	house oversight chairman james	canonical	exact	1.00	canonical_seed		
20260924T225003Z	entity-c063bdb0659b20c4	organization	House Oversight Chairman James	House Oversight Chairman James	house oversight chairman james	extracted_variant	canonical_create	1.00	claim_registry		
20260924T225003Z	entity-e232953c530d949f	organization	House Oversight Committee	House Oversight Committee	house oversight committee	asserted_by	canonical_create	1.00	claim_registry		
20260924T225003Z	entity-e232953c530d949f	organization	House Oversight Committee	House Oversight Committee	house oversight committee	canonical	exact	1.00	canonical_seed		
20260924T225003Z	entity-e232953c530d949f	organization	House Oversight Committee	House Oversight Committee	house oversight committee	extracted_variant	exact	1.00	claim_registry		
20260924T225003Z	entity-528080b5c42d76ad	person	Howard Lutnick	Howard Lutnick	howard lutnick	canonical	exact	1.00	canonical_seed		
20260924T225003Z	entity-528080b5c42d76ad	person	Howard Lutnick	Howard Lutnick	howard lutnick	extracted_variant	exact	1.00	claim_registry		
20260924T225003Z	entity-528080b5c42d76ad	person	Howard Lutnick	Howard Lutnick	howard lutnick	profile_slug	canonical_create	1.00	profiles		
20260924T225003Z	entity-53af06a8379852ff	person	Hyatt Hotels Corporation	Hyatt Hotels Corporation	hyatt hotels corporation	asserted_by	canonical_create	1.00	claim_registry		
20260924T225003Z	entity-53af06a8379852ff	person	Hyatt Hotels Corporation	Hyatt Hotels Corporation	hyatt hotels corporation	canonical	exact	1.00	canonical_seed		
20260924T225003Z	entity-507899b8dfe616ba	person	Il Tempo	Il Tempo	il tempo	canonical	exact	1.00	canonical_seed		
20260924T225003Z	entity-507899b8dfe616ba	person	Il Tempo	Il Tempo	il tempo	extracted_variant	canonical_create	1.00	claim_evidence		
20260924T225003Z	entity-1b39cb912d255f4f	person	Inspector General	Inspector General	inspector general	canonical	exact	1.00	canonical_seed		
20260924T225003Z	entity-1b39cb912d255f4f	person	Inspector General	Inspector General	inspector general	extracted_variant	canonical_create	1.00	claim_registry		
20260924T225003Z	entity-0ed5b73b8d478590	person	Jack Lang	Jack Lang	jack lang	canonical	exact	1.00	canonical_seed		
20260924T225003Z	entity-0ed5b73b8d478590	person	Jack Lang	Jack Lang	jack lang	profile_slug	canonical_create	1.00	profiles		
20260924T225003Z	entity-b27402ea395d7f67	person	James Comer	James Comer	james comer	canonical	exact	1.00	canonical_seed		
20260924T225003Z	entity-b27402ea395d7f67	person	James Comer	James Comer	james comer	profile_slug	canonical_create	1.00	profiles		
20260924T225003Z	entity-42f6d600b8f8439d	person	Jamie Raskin	Jamie Raskin	jamie raskin	canonical	exact	1.00	canonical_seed		
20260924T225003Z	entity-42f6d600b8f8439d	person	Jamie Raskin	Jamie Raskin	jamie raskin	profile_slug	canonical_create	1.00	profiles		
20260924T225003Z	entity-60941a0f8e3dfb37	person	Jane Doe	Jane Doe	jane doe	canonical	exact	1.00	canonical_seed		
20260924T225003Z	entity-60941a0f8e3dfb37	person	Jane Doe	Jane Doe	jane doe	extracted_variant	canonical_create	1.00	claim_registry		
20260924T225003Z	entity-dcb95931aaf77581	person	Japan Times	Japan Times	japan times	canonical	exact	1.00	canonical_seed		
20260924T225003Z	entity-dcb95931aaf77581	person	Japan Times	Japan Times	japan times	extracted_variant	canonical_create	1.00	claim_evidence		
20260924T225003Z	entity-60ed293bc11cf9aa	person	Jay Clayton	Jay Clayton	jay clayton	canonical	exact	1.00	canonical_seed		
20260924T225003Z	entity-60ed293bc11cf9aa	person	Jay Clayton	Jay Clayton	jay clayton	extracted_variant	exact	1.00	claim_registry		
20260924T225003Z	entity-60ed293bc11cf9aa	person	Jay Clayton	Jay Clayton	jay clayton	profile_slug	canonical_create	1.00	profiles		
20260924T225003Z	entity-a07cef76d1a9c728	person	Jean Luc Brunel	Jean Luc Brunel	jean luc brunel	canonical	exact	1.00	canonical_seed		
20260924T225003Z	entity-a07cef76d1a9c728	person	Jean Luc Brunel	Jean Luc Brunel	jean luc brunel	profile_slug	canonical_create	1.00	profiles		
20260924T225003Z	entity-db1319a445d4987e	person	Jeff Merkley	Jeff Merkley	jeff merkley	canonical	exact	1.00	canonical_seed		
20260924T225003Z	entity-db1319a445d4987e	person	Jeff Merkley	Jeff Merkley	jeff merkley	extracted_variant	canonical_create	1.00	claim_registry		
20260924T225003Z	entity-17edfc05a9d55882	person	Jeffrey Epstein	Jeffrey Epstein	jeffrey epstein	canonical	exact	1.00	canonical_seed		
20260924T225003Z	entity-17edfc05a9d55882	person	Jeffrey Epstein	Jeffrey Epstein	jeffrey epstein	extracted_variant	exact	1.00	claim_registry		
20260924T225003Z	entity-17edfc05a9d55882	person	Jeffrey Epstein	Jeffrey Epstein	jeffrey epstein	profile_slug	canonical_create	1.00	profiles		
20260924T225003Z	entity-903bf7705a320376	person	Jes Staley	Jes Staley	jes staley	canonical	exact	1.00	canonical_seed		
20260924T225003Z	entity-903bf7705a320376	person	Jes Staley	Jes Staley	jes staley	extracted_variant	exact	1.00	claim_registry		
20260924T225003Z	entity-903bf7705a320376	person	Jes Staley	Jes Staley	jes staley	profile_slug	canonical_create	1.00	profiles		
20260924T225003Z	entity-ada2a628a7f903b3	person	Joanna Rubinstein	Joanna Rubinstein	joanna rubinstein	canonical	exact	1.00	canonical_seed		
20260924T225003Z	entity-ada2a628a7f903b3	person	Joanna Rubinstein	Joanna Rubinstein	joanna rubinstein	profile_slug	canonical_create	1.00	profiles		
20260924T225003Z	entity-787ff5fe521e532a	person	John Brockman	John Brockman	john brockman	canonical	exact	1.00	canonical_seed		
20260924T225003Z	entity-787ff5fe521e532a	person	John Brockman	John Brockman	john brockman	profile_slug	canonical_create	1.00	profiles		
20260924T225003Z	entity-4f1b899ea15a8fdf	person	Joi Ito	Joi Ito	joi ito	canonical	exact	1.00	canonical_seed		
20260924T225003Z	entity-4f1b899ea15a8fdf	person	Joi Ito	Joi Ito	joi ito	extracted_variant	canonical_create	1.00	claim_registry		
20260924T225003Z	entity-ba2f8b438c7a0a16	person	Jonathan Swan	Jonathan Swan	jonathan swan	canonical	exact	1.00	canonical_seed		
20260924T225003Z	entity-ba2f8b438c7a0a16	person	Jonathan Swan	Jonathan Swan	jonathan swan	extracted_variant	canonical_create	1.00	claim_registry		
20260924T225003Z	entity-f84428ac7739eb6e	person	Judge Emmet Sullivan	Judge Emmet Sullivan	judge emmet sullivan	canonical	exact	1.00	canonical_seed		
20260924T225003Z	entity-f84428ac7739eb6e	person	Judge Emmet Sullivan	Judge Emmet Sullivan	judge emmet sullivan	extracted_variant	canonical_create	1.00	claim_registry		
20260924T225003Z	entity-b214e005448e7956	person	Judge Jesse Furman	Judge Jesse Furman	judge jesse furman	canonical	exact	1.00	canonical_seed		
20260924T225003Z	entity-b214e005448e7956	person	Judge Jesse Furman	Judge Jesse Furman	judge jesse furman	extracted_variant	canonical_create	1.00	claim_registry		
20260924T225003Z	entity-46cd70a442b5c45e	person	Judge Loretta Preska	Judge Loretta Preska	judge loretta preska	canonical	exact	1.00	canonical_seed		
20260924T225003Z	entity-46cd70a442b5c45e	person	Judge Loretta Preska	Judge Loretta Preska	judge loretta preska	extracted_variant	canonical_create	1.00	claim_registry		
20260924T225003Z	entity-16cf5391cbd506c8	person	Judge Mary Kay Vyskocil	Judge Mary Kay Vyskocil	judge mary kay vyskocil	canonical	exact	1.00	canonical_seed		
20260924T225003Z	entity-16cf5391cbd506c8	person	Judge Mary Kay Vyskocil	Judge Mary Kay Vyskocil	judge mary kay vyskocil	extracted_variant	canonical_create	1.00	claim_registry		
20260924T225003Z	entity-720b205f8db66eab	person	Judge Paul Engelmayer	Judge Paul Engelmayer	judge paul engelmayer	canonical	exact	1.00	canonical_seed		
20260924T225003Z	entity-720b205f8db66eab	person	Judge Paul Engelmayer	Judge Paul Engelmayer	judge paul engelmayer	extracted_variant	canonical_create	1.00	claim_registry		
20260924T225003Z	entity-c11646a9e7c5448a	person	Judge Sullivan	Judge Sullivan	judge sullivan	canonical	exact	1.00	canonical_seed		
20260924T225003Z	entity-c11646a9e7c5448a	person	Judge Sullivan	Judge Sullivan	judge sullivan	extracted_variant	canonical_create	1.00	claim_registry		
20260924T225003Z	entity-04d2a35d42e00474	person	Kathryn Ruemmler	Kathryn Ruemmler	kathryn ruemmler	canonical	exact	1.00	canonical_seed		
20260924T225003Z	entity-04d2a35d42e00474	person	Kathryn Ruemmler	Kathryn Ruemmler	kathryn ruemmler	extracted_variant	exact	1.00	claim_registry		
20260924T225003Z	entity-04d2a35d42e00474	person	Kathryn Ruemmler	Kathryn Ruemmler	kathryn ruemmler	profile_slug	canonical_create	1.00	profiles		
20260924T225003Z	entity-a904f44f28eb642d	person	Katie Couric	Katie Couric	katie couric	canonical	exact	1.00	canonical_seed		
20260924T225003Z	entity-a904f44f28eb642d	person	Katie Couric	Katie Couric	katie couric	profile_slug	canonical_create	1.00	profiles		
20260924T225003Z	entity-6c26c59e04c274ae	person	Katie Phang	Katie Phang	katie phang	canonical	exact	1.00	canonical_seed		
20260924T225003Z	entity-6c26c59e04c274ae	person	Katie Phang	Katie Phang	katie phang	profile_slug	canonical_create	1.00	profiles		
20260924T225003Z	entity-8de36d31f9ec71cd	person	Keir Starmer	Keir Starmer	keir starmer	canonical	exact	1.00	canonical_seed		
20260924T225003Z	entity-8de36d31f9ec71cd	person	Keir Starmer	Keir Starmer	keir starmer	profile_slug	canonical_create	1.00	profiles		
20260924T225003Z	entity-00f0f7d4e35ddce6	person	King Charles	King Charles	king charles	canonical	exact	1.00	canonical_seed		
20260924T225003Z	entity-00f0f7d4e35ddce6	person	King Charles	King Charles	king charles	extracted_variant	canonical_create	1.00	claim_registry		
20260924T225003Z	entity-c28282cd98bc25ee	organization	KPBS / CNN	KPBS / CNN	kpbs cnn	asserted_by	canonical_create	1.00	claim_registry		
20260924T225003Z	entity-c28282cd98bc25ee	organization	KPBS / CNN	KPBS / CNN	kpbs cnn	canonical	exact	1.00	canonical_seed		
20260924T225003Z	entity-3b98a27b3d6b5232	person	Larry Summers	Larry Summers	larry summers	canonical	exact	1.00	canonical_seed		
20260924T225003Z	entity-3b98a27b3d6b5232	person	Larry Summers	Larry Summers	larry summers	extracted_variant	exact	1.00	claim_registry		
20260924T225003Z	entity-3b98a27b3d6b5232	person	Larry Summers	Larry Summers	larry summers	profile_slug	canonical_create	1.00	profiles		
20260924T225003Z	entity-3d37cc60010098e3	person	Law Commentary	Law Commentary	law commentary	canonical	exact	1.00	canonical_seed		
20260924T225003Z	entity-3d37cc60010098e3	person	Law Commentary	Law Commentary	law commentary	extracted_variant	canonical_create	1.00	claim_evidence		
20260924T225003Z	entity-7192f10b26a4334f	organization	Law-firm summaries / amNY	Law-firm summaries / amNY	law firm summaries amny	asserted_by	canonical_create	1.00	claim_registry		
20260924T225003Z	entity-7192f10b26a4334f	organization	Law-firm summaries / amNY	Law-firm summaries / amNY	law firm summaries amny	canonical	exact	1.00	canonical_seed		
20260924T225003Z	entity-906ed6d1287258d6	person	Leger Fernandez	Leger Fernandez	leger fernandez	canonical	exact	1.00	canonical_seed		
20260924T225003Z	entity-906ed6d1287258d6	person	Leger Fernandez	Leger Fernandez	leger fernandez	extracted_variant	canonical_create	1.00	claim_registry		
20260924T225003Z	entity-7bc876982c65b8e8	person	Leon Black	Leon Black	leon black	canonical	exact	1.00	canonical_seed		
20260924T225003Z	entity-7bc876982c65b8e8	person	Leon Black	Leon Black	leon black	extracted_variant	exact	1.00	claim_registry		
20260924T225003Z	entity-7bc876982c65b8e8	person	Leon Black	Leon Black	leon black	profile_slug	canonical_create	1.00	profiles		
20260924T225003Z	entity-e39ac9e5dc243727	person	Leon Botstein	Leon Botstein	leon botstein	canonical	exact	1.00	canonical_seed		
20260924T225003Z	entity-e39ac9e5dc243727	person	Leon Botstein	Leon Botstein	leon botstein	extracted_variant	canonical_create	1.00	claim_registry		
20260924T225003Z	entity-538c71835aafd9ba	person	Leonic Leonov	Leonic Leonov	leonic leonov	canonical	exact	1.00	canonical_seed		
20260924T225003Z	entity-538c71835aafd9ba	person	Leonic Leonov	Leonic Leonov	leonic leonov	profile_slug	canonical_create	1.00	profiles		
20260924T225003Z	entity-faf4c42a5f91cfea	person	Les Wexner	Les Wexner	les wexner	canonical	exact	1.00	canonical_seed		
20260924T225003Z	entity-faf4c42a5f91cfea	person	Les Wexner	Les Wexner	les wexner	extracted_variant	exact	1.00	claim_registry		
20260924T225003Z	entity-faf4c42a5f91cfea	person	Les Wexner	Les Wexner	les wexner	profile_slug	canonical_create	1.00	profiles		
20260924T225003Z	entity-2bbd065a7f1922ca	person	Lesley Groff	Lesley Groff	lesley groff	canonical	exact	1.00	canonical_seed		
20260924T225003Z	entity-2bbd065a7f1922ca	person	Lesley Groff	Lesley Groff	lesley groff	extracted_variant	exact	1.00	claim_registry		
20260924T225003Z	entity-2bbd065a7f1922ca	person	Lesley Groff	Lesley Groff	lesley groff	profile_slug	canonical_create	1.00	profiles		
20260924T225003Z	entity-7a30c2eb72672d39	person	Letty Moss	Letty Moss	letty moss	canonical	exact	1.00	canonical_seed		
20260924T225003Z	entity-7a30c2eb72672d39	person	Letty Moss	Letty Moss	letty moss	extracted_variant	canonical_create	1.00	claim_registry		
20260924T225003Z	entity-1df5dea6061729ba	person	Maggie Haberman	Maggie Haberman	maggie haberman	canonical	exact	1.00	canonical_seed		
20260924T225003Z	entity-1df5dea6061729ba	person	Maggie Haberman	Maggie Haberman	maggie haberman	extracted_variant	canonical_create	1.00	claim_registry		
20260924T225003Z	entity-0874937d0bbd6a65	person	Magistrate Judge Ryon	Magistrate Judge Ryon	magistrate judge ryon	canonical	exact	1.00	canonical_seed		
20260924T225003Z	entity-0874937d0bbd6a65	person	Magistrate Judge Ryon	Magistrate Judge Ryon	magistrate judge ryon	extracted_variant	canonical_create	1.00	claim_registry		
20260924T225003Z	entity-a84fb32873685415	person	Marc Rowan	Marc Rowan	marc rowan	canonical	exact	1.00	canonical_seed		
20260924T225003Z	entity-a84fb32873685415	person	Marc Rowan	Marc Rowan	marc rowan	extracted_variant	canonical_create	1.00	claim_registry		
20260924T225003Z	entity-01239f8ef0032a65	person	Maria Farmer	Maria Farmer	maria farmer	canonical	exact	1.00	canonical_seed		
20260924T225003Z	entity-01239f8ef0032a65	person	Maria Farmer	Maria Farmer	maria farmer	profile_slug	canonical_create	1.00	profiles		
20260924T225003Z	entity-a0acfd0cc2016686	person	Mark Landon	Mark Landon	mark landon	canonical	exact	1.00	canonical_seed		
20260924T225003Z	entity-a0acfd0cc2016686	person	Mark Landon	Mark Landon	mark landon	extracted_variant	canonical_create	1.00	claim_registry		
20260924T225003Z	entity-aa958453a78f2c65	person	Maurene Comey	Maurene Comey	maurene comey	canonical	exact	1.00	canonical_seed		
20260924T225003Z	entity-aa958453a78f2c65	person	Maurene Comey	Maurene Comey	maurene comey	extracted_variant	exact	1.00	claim_registry		
20260924T225003Z	entity-aa958453a78f2c65	person	Maurene Comey	Maurene Comey	maurene comey	profile_slug	canonical_create	1.00	profiles		
20260924T225003Z	entity-7a23fe3d397000ec	person	Medical Center	Medical Center	medical center	canonical	exact	1.00	canonical_seed		
20260924T225003Z	entity-7a23fe3d397000ec	person	Medical Center	Medical Center	medical center	extracted_variant	canonical_create	1.00	claim_registry		
20260924T225003Z	entity-3c6244d3e52f26ab	person	Melania Trump	Melania Trump	melania trump	canonical	exact	1.00	canonical_seed		
20260924T225003Z	entity-3c6244d3e52f26ab	person	Melania Trump	Melania Trump	melania trump	extracted_variant	exact	1.00	claim_registry		
20260924T225003Z	entity-3c6244d3e52f26ab	person	Melania Trump	Melania Trump	melania trump	profile_slug	canonical_create	1.00	profiles		
20260924T225003Z	entity-7c91ca43a5c327d6	person	Member Ron Wyden	Member Ron Wyden	member ron wyden	canonical	exact	1.00	canonical_seed		
20260924T225003Z	entity-7c91ca43a5c327d6	person	Member Ron Wyden	Member Ron Wyden	member ron wyden	extracted_variant	canonical_create	1.00	claim_registry		
20260924T225003Z	entity-9a0f9cee47e65f97	person	Metropolitan Police Commissioner Mark	Metropolitan Police Commissioner Mark	metropolitan police commissioner mark	canonical	exact	1.00	canonical_seed		
20260924T225003Z	entity-9a0f9cee47e65f97	person	Metropolitan Police Commissioner Mark	Metropolitan Police Commissioner Mark	metropolitan police commissioner mark	extracted_variant	canonical_create	1.00	claim_registry		
20260924T225003Z	entity-fbf1d2639a9009a3	person	Michael Reiter	Michael Reiter	michael reiter	canonical	exact	1.00	canonical_seed		
20260924T225003Z	entity-fbf1d2639a9009a3	person	Michael Reiter	Michael Reiter	michael reiter	profile_slug	canonical_create	1.00	profiles		
20260924T225003Z	entity-af263c957cd9a1ea	person	Michael Thomas	Michael Thomas	michael thomas	canonical	exact	1.00	canonical_seed		
20260924T225003Z	entity-af263c957cd9a1ea	person	Michael Thomas	Michael Thomas	michael thomas	profile_slug	canonical_create	1.00	profiles		
20260924T225003Z	entity-58ee0a55f8f5a339	person	Michael Wolff	Michael Wolff	michael wolff	canonical	exact	1.00	canonical_seed		
20260924T225003Z	entity-58ee0a55f8f5a339	person	Michael Wolff	Michael Wolff	michael wolff	extracted_variant	canonical_create	1.00	claim_registry		
20260924T225003Z	entity-e491f4da8fa5beac	person	Mike Crapo	Mike Crapo	mike crapo	canonical	exact	1.00	canonical_seed		
20260924T225003Z	entity-e491f4da8fa5beac	person	Mike Crapo	Mike Crapo	mike crapo	extracted_variant	canonical_create	1.00	claim_registry		
20260924T225003Z	entity-f0667199bc1e35b3	person	Mike Johnson	Mike Johnson	mike johnson	canonical	exact	1.00	canonical_seed		
20260924T225003Z	entity-f0667199bc1e35b3	person	Mike Johnson	Mike Johnson	mike johnson	profile_slug	canonical_create	1.00	profiles		
20260924T225003Z	entity-a743e4716534a059	organization	Miles and Cathy Alexander	Miles and Cathy Alexander	miles and cathy alexander	canonical	exact	1.00	canonical_seed		
20260924T225003Z	entity-a743e4716534a059	organization	Miles and Cathy Alexander	Miles and Cathy Alexander	miles and cathy alexander	profile_slug	canonical_create	1.00	profiles		
20260924T225003Z	entity-df294980477f3197	person	Miroslav Lajcak	Miroslav Lajcak	miroslav lajcak	canonical	exact	1.00	canonical_seed		
20260924T225003Z	entity-df294980477f3197	person	Miroslav Lajcak	Miroslav Lajcak	miroslav lajcak	profile_slug	canonical_create	1.00	profiles		
20260924T225003Z	entity-2498a09a3c162926	person	Mona Juul	Mona Juul	mona juul	canonical	exact	1.00	canonical_seed		
20260924T225003Z	entity-2498a09a3c162926	person	Mona Juul	Mona Juul	mona juul	extracted_variant	exact	1.00	claim_registry		
20260924T225003Z	entity-2498a09a3c162926	person	Mona Juul	Mona Juul	mona juul	profile_slug	canonical_create	1.00	profiles		
20260924T225003Z	entity-eeed71f36d9adb76	person	Motivated Violence Act	Motivated Violence Act	motivated violence act	canonical	exact	1.00	canonical_seed		
20260924T225003Z	entity-eeed71f36d9adb76	person	Motivated Violence Act	Motivated Violence Act	motivated violence act	extracted_variant	canonical_create	1.00	claim_registry		
20260924T225003Z	entity-ad6d0b4a61875b6a	person	Mount Sinai	Mount Sinai	mount sinai	canonical	exact	1.00	canonical_seed		
20260924T225003Z	entity-ad6d0b4a61875b6a	person	Mount Sinai	Mount Sinai	mount sinai	extracted_variant	canonical_create	1.00	claim_evidence		
20260924T225003Z	entity-d1133106f016c981	person	Mount Sinai Health System	Mount Sinai Health System	mount sinai health system	canonical	exact	1.00	canonical_seed		
20260924T225003Z	entity-d1133106f016c981	person	Mount Sinai Health System	Mount Sinai Health System	mount sinai health system	extracted_variant	canonical_create	1.00	claim_registry		
20260924T225003Z	entity-61ecc8d0feda6427	organization	MS NOW / Daily Beast	MS NOW / Daily Beast	ms now daily beast	asserted_by	canonical_create	1.00	claim_registry		
20260924T225003Z	entity-61ecc8d0feda6427	organization	MS NOW / Daily Beast	MS NOW / Daily Beast	ms now daily beast	canonical	exact	1.00	canonical_seed		
20260924T225003Z	entity-3c7a114f849b4dac	person	Nadia Marcinkova	Nadia Marcinkova	nadia marcinkova	canonical	exact	1.00	canonical_seed		
20260924T225003Z	entity-3c7a114f849b4dac	person	Nadia Marcinkova	Nadia Marcinkova	nadia marcinkova	profile_slug	canonical_create	1.00	profiles		
20260924T225003Z	entity-67d62f82fe25ad2e	person	Naomi Campbell	Naomi Campbell	naomi campbell	canonical	exact	1.00	canonical_seed		
20260924T225003Z	entity-67d62f82fe25ad2e	person	Naomi Campbell	Naomi Campbell	naomi campbell	profile_slug	canonical_create	1.00	profiles		
20260924T225003Z	entity-2bf67870110e8d22	person	National Intelligence	National Intelligence	national intelligence	canonical	exact	1.00	canonical_seed		
20260924T225003Z	entity-2bf67870110e8d22	person	National Intelligence	National Intelligence	national intelligence	extracted_variant	canonical_create	1.00	claim_registry		
20260924T225003Z	entity-885b5357b341733e	organization	NBC4 / IBTimes	NBC4 / IBTimes	nbc4 ibtimes	asserted_by	canonical_create	1.00	claim_registry		
20260924T225003Z	entity-885b5357b341733e	organization	NBC4 / IBTimes	NBC4 / IBTimes	nbc4 ibtimes	canonical	exact	1.00	canonical_seed		
20260924T225003Z	entity-d55a8facb7df9039	person	New Mexico	New Mexico	new mexico	canonical	exact	1.00	canonical_seed		
20260924T225003Z	entity-d55a8facb7df9039	person	New Mexico	New Mexico	new mexico	extracted_variant	canonical_create	1.00	claim_registry		
20260924T225003Z	entity-7b666d79ce053c53	organization	New Mexico Department of Justice	New Mexico Department of Justice	new mexico department of justice	asserted_by	canonical_create	1.00	claim_registry		
20260924T225003Z	entity-7b666d79ce053c53	organization	New Mexico Department of Justice	New Mexico Department of Justice	new mexico department of justice	canonical	exact	1.00	canonical_seed		
20260924T225003Z	entity-1a2f065fadd9079e	person	New Mexico Legislature	New Mexico Legislature	new mexico legislature	asserted_by	canonical_create	1.00	claim_registry		
20260924T225003Z	entity-1a2f065fadd9079e	person	New Mexico Legislature	New Mexico Legislature	new mexico legislature	canonical	exact	1.00	canonical_seed		
20260924T225003Z	entity-ff372baf960ebc69	person	New York	New York	new york	canonical	exact	1.00	canonical_seed		
20260924T225003Z	entity-ff372baf960ebc69	person	New York	New York	new york	extracted_variant	canonical_create	1.00	claim_registry		
20260924T225003Z	entity-04481c07b77be328	person	New York City	New York City	new york city	canonical	exact	1.00	canonical_seed		
20260924T225003Z	entity-04481c07b77be328	person	New York City	New York City	new york city	extracted_variant	canonical_create	1.00	claim_registry		
20260924T225003Z	entity-6272908924facf02	organization	New York Senate	New York Senate	new york senate	canonical	exact	1.00	canonical_seed		
20260924T225003Z	entity-6272908924facf02	organization	New York Senate	New York Senate	new york senate	extracted_variant	canonical_create	1.00	claim_registry		
20260924T225003Z	entity-a3bbed77ae7c4300	organization	New York State Senate / WAMC	New York State Senate / WAMC	new york state senate wamc	asserted_by	canonical_create	1.00	claim_registry		
20260924T225003Z	entity-a3bbed77ae7c4300	organization	New York State Senate / WAMC	New York State Senate / WAMC	new york state senate wamc	canonical	exact	1.00	canonical_seed		
20260924T225003Z	entity-e741f8782adf9f3c	person	New York Times (via DNYUZ)	New York Times (via DNYUZ)	new york times via dnyuz	asserted_by	canonical_create	1.00	claim_registry		
20260924T225003Z	entity-e741f8782adf9f3c	person	New York Times (via DNYUZ)	New York Times (via DNYUZ)	new york times via dnyuz	canonical	exact	1.00	canonical_seed		
20260924T225003Z	entity-843815f2649c4027	organization	News in English / CNN	News in English / CNN	news in english cnn	asserted_by	canonical_create	1.00	claim_registry		
20260924T225003Z	entity-843815f2649c4027	organization	News in English / CNN	News in English / CNN	news in english cnn	canonical	exact	1.00	canonical_seed		
20260924T225003Z	entity-c079d8215655aff5	organization	News in English / Newsweek	News in English / Newsweek	news in english newsweek	asserted_by	canonical_create	1.00	claim_registry		
20260924T225003Z	entity-c079d8215655aff5	organization	News in English / Newsweek	News in English / Newsweek	news in english newsweek	canonical	exact	1.00	canonical_seed		
20260924T225003Z	entity-633e4a9636ee3017	organization	NHPR / Concord Monitor	NHPR / Concord Monitor	nhpr concord monitor	asserted_by	canonical_create	1.00	claim_registry		
20260924T225003Z	entity-633e4a9636ee3017	organization	NHPR / Concord Monitor	NHPR / Concord Monitor	nhpr concord monitor	canonical	exact	1.00	canonical_seed		
20260924T225003Z	entity-f92ca906e6f56105	person	Nicholas Tartaglione	Nicholas Tartaglione	nicholas tartaglione	canonical	exact	1.00	canonical_seed		
20260924T225003Z	entity-f92ca906e6f56105	person	Nicholas Tartaglione	Nicholas Tartaglione	nicholas tartaglione	extracted_variant	exact	1.00	claim_registry		
20260924T225003Z	entity-f92ca906e6f56105	person	Nicholas Tartaglione	Nicholas Tartaglione	nicholas tartaglione	profile_slug	canonical_create	1.00	profiles		
20260924T225003Z	entity-a09a334f308bae44	person	Nicola Caputo	Nicola Caputo	nicola caputo	canonical	exact	1.00	canonical_seed		
20260924T225003Z	entity-a09a334f308bae44	person	Nicola Caputo	Nicola Caputo	nicola caputo	profile_slug	canonical_create	1.00	profiles		
20260924T225003Z	entity-4a9d7219e97370da	person	Northern District	Northern District	northern district	canonical	exact	1.00	canonical_seed		
20260924T225003Z	entity-4a9d7219e97370da	person	Northern District	Northern District	northern district	extracted_variant	canonical_create	1.00	claim_registry		
20260924T225003Z	entity-4bdc37201e04b4f1	organization	NPR / CBS	NPR / CBS	npr cbs	asserted_by	canonical_create	1.00	claim_registry		
20260924T225003Z	entity-4bdc37201e04b4f1	organization	NPR / CBS	NPR / CBS	npr cbs	canonical	exact	1.00	canonical_seed		
20260924T225003Z	entity-d7a6903e0a7f955f	organization	NPR / CNBC / PBS	NPR / CNBC / PBS	npr cnbc pbs	asserted_by	canonical_create	1.00	claim_registry		
20260924T225003Z	entity-d7a6903e0a7f955f	organization	NPR / CNBC / PBS	NPR / CNBC / PBS	npr cnbc pbs	canonical	exact	1.00	canonical_seed		
20260924T225003Z	entity-d3f6dfb5b2879cd3	organization	NPR / Washington Post	NPR / Washington Post	npr washington post	asserted_by	canonical_create	1.00	claim_registry		
20260924T225003Z	entity-d3f6dfb5b2879cd3	organization	NPR / Washington Post	NPR / Washington Post	npr washington post	canonical	exact	1.00	canonical_seed		
20260924T225003Z	entity-2359a17db2f8e1aa	organization	ODNI / NPR	ODNI / NPR	odni npr	asserted_by	canonical_create	1.00	claim_registry		
20260924T225003Z	entity-2359a17db2f8e1aa	organization	ODNI / NPR	ODNI / NPR	odni npr	canonical	exact	1.00	canonical_seed		
20260924T225003Z	entity-91b0dbd3fce3b642	organization	OHCHR	OHCHR	ohchr	asserted_by	canonical_create	1.00	claim_registry		
20260924T225003Z	entity-91b0dbd3fce3b642	organization	OHCHR	OHCHR	ohchr	canonical	exact	1.00	canonical_seed		
20260924T225003Z	entity-6cd5757c614a9f32	person	Ohio Capital Journal	Ohio Capital Journal	ohio capital journal	canonical	exact	1.00	canonical_seed		
20260924T225003Z	entity-6cd5757c614a9f32	person	Ohio Capital Journal	Ohio Capital Journal	ohio capital journal	extracted_variant	canonical_create	1.00	claim_evidence		
20260924T225003Z	entity-175905185587069e	person	Ohio State	Ohio State	ohio state	canonical	exact	1.00	canonical_seed		
20260924T225003Z	entity-175905185587069e	person	Ohio State	Ohio State	ohio state	extracted_variant	canonical_create	1.00	claim_registry		
20260924T225003Z	entity-b21496f7ad8fc274	person	Ohio State University	Ohio State University	ohio state university	canonical	exact	1.00	canonical_seed		
20260924T225003Z	entity-b21496f7ad8fc274	person	Ohio State University	Ohio State University	ohio state university	extracted_variant	canonical_create	1.00	claim_registry		
20260924T225003Z	entity-8c65738456229c86	person	Ohio State University Wexner	Ohio State University Wexner	ohio state university wexner	canonical	exact	1.00	canonical_seed		
20260924T225003Z	entity-8c65738456229c86	person	Ohio State University Wexner	Ohio State University Wexner	ohio state university wexner	extracted_variant	canonical_create	1.00	claim_registry		
20260924T225003Z	entity-bf7a46963275858d	person	On August	On August	on august	canonical	exact	1.00	canonical_seed		
20260924T225003Z	entity-bf7a46963275858d	person	On August	On August	on august	extracted_variant	canonical_create	1.00	claim_registry		
20260924T225003Z	entity-3a9629222ec7eb64	person	On February	On February	on february	canonical	exact	1.00	canonical_seed		
20260924T225003Z	entity-3a9629222ec7eb64	person	On February	On February	on february	extracted_variant	canonical_create	1.00	claim_registry		
20260924T225003Z	entity-1634301c2e890331	person	On January	On January	on january	canonical	exact	1.00	canonical_seed		
20260924T225003Z	entity-1634301c2e890331	person	On January	On January	on january	extracted_variant	canonical_create	1.00	claim_registry		
20260924T225003Z	entity-f01626c350515159	person	On July	On July	on july	canonical	exact	1.00	canonical_seed		
20260924T225003Z	entity-f01626c350515159	person	On July	On July	on july	extracted_variant	canonical_create	1.00	claim_registry		
20260924T225003Z	entity-646a76a6f07857c8	person	On June	On June	on june	canonical	exact	1.00	canonical_seed		
20260924T225003Z	entity-646a76a6f07857c8	person	On June	On June	on june	extracted_variant	canonical_create	1.00	claim_registry		
20260924T225003Z	entity-e590ade708c76912	person	On March	On March	on march	canonical	exact	1.00	canonical_seed		
20260924T225003Z	entity-e590ade708c76912	person	On March	On March	on march	extracted_variant	canonical_create	1.00	claim_registry		
20260924T225003Z	entity-ccacdec35412c308	person	On November	On November	on november	canonical	exact	1.00	canonical_seed		
20260924T225003Z	entity-ccacdec35412c308	person	On November	On November	on november	extracted_variant	canonical_create	1.00	claim_registry		
20260924T225003Z	entity-4942e68970a565b4	person	On September	On September	on september	canonical	exact	1.00	canonical_seed		
20260924T225003Z	entity-4942e68970a565b4	person	On September	On September	on september	extracted_variant	canonical_create	1.00	claim_registry		
20260924T225003Z	entity-5fece04059ba0949	person	Pam Bondi	Pam Bondi	pam bondi	canonical	exact	1.00	canonical_seed		
20260924T225003Z	entity-5fece04059ba0949	person	Pam Bondi	Pam Bondi	pam bondi	extracted_variant	exact	1.00	claim_registry		
20260924T225003Z	entity-5fece04059ba0949	person	Pam Bondi	Pam Bondi	pam bondi	profile_slug	canonical_create	1.00	profiles		
20260924T225003Z	entity-c6d6e6e5894dc85f	person	Parliamentary Assembly	Parliamentary Assembly	parliamentary assembly	canonical	exact	1.00	canonical_seed		
20260924T225003Z	entity-c6d6e6e5894dc85f	person	Parliamentary Assembly	Parliamentary Assembly	parliamentary assembly	extracted_variant	canonical_create	1.00	claim_registry		
20260924T225003Z	entity-fed4fade51cbe286	person	Peggy Siegal	Peggy Siegal	peggy siegal	canonical	exact	1.00	canonical_seed		
20260924T225003Z	entity-fed4fade51cbe286	person	Peggy Siegal	Peggy Siegal	peggy siegal	profile_slug	canonical_create	1.00	profiles		
20260924T225003Z	entity-bdfe88d588372b2a	organization	People / TMZ	People / TMZ	people tmz	asserted_by	canonical_create	1.00	claim_registry		
20260924T225003Z	entity-bdfe88d588372b2a	organization	People / TMZ	People / TMZ	people tmz	canonical	exact	1.00	canonical_seed		
20260924T225003Z	entity-149c0e1ea308d3e4	person	Peter Attia	Peter Attia	peter attia	canonical	exact	1.00	canonical_seed		
20260924T225003Z	entity-149c0e1ea308d3e4	person	Peter Attia	Peter Attia	peter attia	profile_slug	canonical_create	1.00	profiles		
20260924T225003Z	entity-b8888eb121d9b858	person	Peter Mandelson	Peter Mandelson	peter mandelson	canonical	exact	1.00	canonical_seed		
20260924T225003Z	entity-b8888eb121d9b858	person	Peter Mandelson	Peter Mandelson	peter mandelson	extracted_variant	exact	1.00	claim_registry		
20260924T225003Z	entity-b8888eb121d9b858	person	Peter Mandelson	Peter Mandelson	peter mandelson	profile_slug	canonical_create	1.00	profiles		
20260924T225003Z	entity-8285e9739d852ec8	person	Political Wire	Political Wire	political wire	canonical	exact	1.00	canonical_seed		
20260924T225003Z	entity-8285e9739d852ec8	person	Political Wire	Political Wire	political wire	extracted_variant	canonical_create	1.00	claim_evidence		
20260924T225003Z	entity-9c262efff0b909c4	person	Port Holdings	Port Holdings	port holdings	canonical	exact	1.00	canonical_seed		
20260924T225003Z	entity-9c262efff0b909c4	person	Port Holdings	Port Holdings	port holdings	extracted_variant	canonical_create	1.00	claim_registry		
20260924T225003Z	entity-9769c4c7bd4899a9	person	President Leon Botstein	President Leon Botstein	president leon botstein	canonical	exact	1.00	canonical_seed		
20260924T225003Z	entity-9769c4c7bd4899a9	person	President Leon Botstein	President Leon Botstein	president leon botstein	extracted_variant	canonical_create	1.00	claim_evidence		
20260924T225003Z	entity-c996d8e8ebd0080a	person	President Trump	President Trump	president trump	canonical	exact	1.00	canonical_seed		
20260924T225003Z	entity-c996d8e8ebd0080a	person	President Trump	President Trump	president trump	extracted_variant	canonical_create	1.00	claim_registry		
20260924T225003Z	entity-a57514d9550f3130	person	Primary Facts	Primary Facts	primary facts	canonical	exact	1.00	canonical_seed		
20260924T225003Z	entity-a57514d9550f3130	person	Primary Facts	Primary Facts	primary facts	extracted_variant	canonical_create	1.00	claim_registry		
20260924T225003Z	entity-ff892d415869a073	person	Prime Minister Burnham	Prime Minister Burnham	prime minister burnham	canonical	exact	1.00	canonical_seed		
20260924T225003Z	entity-ff892d415869a073	person	Prime Minister Burnham	Prime Minister Burnham	prime minister burnham	extracted_variant	canonical_create	1.00	claim_registry		
20260924T225003Z	entity-63ffb5775d9758ce	person	Prime Minister Gordon Brown	Prime Minister Gordon Brown	prime minister gordon brown	canonical	exact	1.00	canonical_seed		
20260924T225003Z	entity-63ffb5775d9758ce	person	Prime Minister Gordon Brown	Prime Minister Gordon Brown	prime minister gordon brown	extracted_variant	canonical_create	1.00	claim_registry		
20260924T225003Z	entity-c91d937f7ba37717	person	Prime Minister Keir Starmer	Prime Minister Keir Starmer	prime minister keir starmer	canonical	exact	1.00	canonical_seed		
20260924T225003Z	entity-c91d937f7ba37717	person	Prime Minister Keir Starmer	Prime Minister Keir Starmer	prime minister keir starmer	extracted_variant	canonical_create	1.00	claim_registry		
20260924T225003Z	entity-431689d8ab66328c	person	Prince Andrew	Prince Andrew	prince andrew	canonical	exact	1.00	canonical_seed		
20260924T225003Z	entity-431689d8ab66328c	person	Prince Andrew	Prince Andrew	prince andrew	extracted_variant	exact	1.00	claim_evidence		
20260924T225003Z	entity-431689d8ab66328c	person	Prince Andrew	Prince Andrew	prince andrew	profile_slug	canonical_create	1.00	profiles		
20260924T225003Z	entity-f405a0010404988e	person	Produce Epstein Treasury Records	Produce Epstein Treasury Records	produce epstein treasury records	canonical	exact	1.00	canonical_seed		
20260924T225003Z	entity-f405a0010404988e	person	Produce Epstein Treasury Records	Produce Epstein Treasury Records	produce epstein treasury records	extracted_variant	canonical_create	1.00	claim_registry		
20260924T225003Z	entity-febb55c8bd71424d	person	Puerto Rico	Puerto Rico	puerto rico	canonical	exact	1.00	canonical_seed		
20260924T225003Z	entity-febb55c8bd71424d	person	Puerto Rico	Puerto Rico	puerto rico	extracted_variant	canonical_create	1.00	claim_registry		
20260924T225003Z	entity-673cae8ecd940248	person	Ranking Member Jamie Raskin	Ranking Member Jamie Raskin	ranking member jamie raskin	canonical	exact	1.00	canonical_seed		
20260924T225003Z	entity-673cae8ecd940248	person	Ranking Member Jamie Raskin	Ranking Member Jamie Raskin	ranking member jamie raskin	extracted_variant	canonical_create	1.00	claim_registry		
20260924T225003Z	entity-fc63db273c0de2ea	person	Ranking Member Robert Garcia	Ranking Member Robert Garcia	ranking member robert garcia	canonical	exact	1.00	canonical_seed		
20260924T225003Z	entity-fc63db273c0de2ea	person	Ranking Member Robert Garcia	Ranking Member Robert Garcia	ranking member robert garcia	extracted_variant	canonical_create	1.00	claim_registry		
20260924T225003Z	entity-8cd496ea30c509e6	person	Raw Story	Raw Story	raw story	canonical	exact	1.00	canonical_seed		
20260924T225003Z	entity-8cd496ea30c509e6	person	Raw Story	Raw Story	raw story	extracted_variant	canonical_create	1.00	claim_evidence		
20260924T225003Z	entity-33321761f66d8cbd	person	Regime Change	Regime Change	regime change	canonical	exact	1.00	canonical_seed		
20260924T225003Z	entity-33321761f66d8cbd	person	Regime Change	Regime Change	regime change	extracted_variant	canonical_create	1.00	claim_registry		
20260924T225003Z	entity-cf534114040acf27	person	Reid Hoffman	Reid Hoffman	reid hoffman	canonical	exact	1.00	canonical_seed		
20260924T225003Z	entity-cf534114040acf27	person	Reid Hoffman	Reid Hoffman	reid hoffman	extracted_variant	exact	1.00	claim_registry		
20260924T225003Z	entity-cf534114040acf27	person	Reid Hoffman	Reid Hoffman	reid hoffman	profile_slug	canonical_create	1.00	profiles		
20260924T225003Z	entity-38f1b76d45aaef3a	person	Religious Figures	Religious Figures	religious figures	canonical	exact	1.00	canonical_seed		
20260924T225003Z	entity-38f1b76d45aaef3a	person	Religious Figures	Religious Figures	religious figures	profile_slug	canonical_create	1.00	profiles		
20260924T225003Z	entity-651ce0659f433655	organization	Reuters	Reuters	reuters	asserted_by	canonical_create	1.00	claim_registry		
20260924T225003Z	entity-651ce0659f433655	organization	Reuters	Reuters	reuters	canonical	exact	1.00	canonical_seed		
20260924T225003Z	entity-5aa60d6e2723bf11	organization	Reuters / ABC	Reuters / ABC	reuters abc	asserted_by	canonical_create	1.00	claim_registry		
20260924T225003Z	entity-5aa60d6e2723bf11	organization	Reuters / ABC	Reuters / ABC	reuters abc	canonical	exact	1.00	canonical_seed		
20260924T225003Z	entity-3d4ca6e96c17d7e1	person	Reuters / Business Today Malaysia	Reuters / Business Today Malaysia	reuters business today malaysia	asserted_by	canonical_create	1.00	claim_registry		
20260924T225003Z	entity-3d4ca6e96c17d7e1	person	Reuters / Business Today Malaysia	Reuters / Business Today Malaysia	reuters business today malaysia	canonical	exact	1.00	canonical_seed		
20260924T225003Z	entity-bdabd26bdd3191c3	person	Reuters / Japan Times	Reuters / Japan Times	reuters japan times	asserted_by	canonical_create	1.00	claim_registry		
20260924T225003Z	entity-bdabd26bdd3191c3	person	Reuters / Japan Times	Reuters / Japan Times	reuters japan times	canonical	exact	1.00	canonical_seed		
20260924T225003Z	entity-7daa4fc16ecb0f87	organization	Reuters / NBC	Reuters / NBC	reuters nbc	asserted_by	canonical_create	1.00	claim_registry		
20260924T225003Z	entity-7daa4fc16ecb0f87	organization	Reuters / NBC	Reuters / NBC	reuters nbc	canonical	exact	1.00	canonical_seed		
20260924T225003Z	entity-bc64e855e7c348d1	organization	Reuters / NPR	Reuters / NPR	reuters npr	asserted_by	canonical_create	1.00	claim_registry		
20260924T225003Z	entity-bc64e855e7c348d1	organization	Reuters / NPR	Reuters / NPR	reuters npr	canonical	exact	1.00	canonical_seed		
20260924T225003Z	entity-f92b3575062f00ad	person	Richard Axel	Richard Axel	richard axel	canonical	exact	1.00	canonical_seed		
20260924T225003Z	entity-f92b3575062f00ad	person	Richard Axel	Richard Axel	richard axel	extracted_variant	canonical_create	1.00	claim_registry		
20260924T225003Z	entity-7b458a06b427d96a	person	Richard Branson	Richard Branson	richard branson	canonical	exact	1.00	canonical_seed		
20260924T225003Z	entity-7b458a06b427d96a	person	Richard Branson	Richard Branson	richard branson	profile_slug	canonical_create	1.00	profiles		
20260924T225003Z	entity-ead9dbbbb87cf1ab	person	Richard Kahn	Richard Kahn	richard kahn	canonical	exact	1.00	canonical_seed		
20260924T225003Z	entity-ead9dbbbb87cf1ab	person	Richard Kahn	Richard Kahn	richard kahn	extracted_variant	exact	1.00	claim_registry		
20260924T225003Z	entity-ead9dbbbb87cf1ab	person	Richard Kahn	Richard Kahn	richard kahn	profile_slug	canonical_create	1.00	profiles		
20260924T225003Z	entity-338e2a2070c98deb	person	Rights Restitution Act	Rights Restitution Act	rights restitution act	canonical	exact	1.00	canonical_seed		
20260924T225003Z	entity-338e2a2070c98deb	person	Rights Restitution Act	Rights Restitution Act	rights restitution act	extracted_variant	canonical_create	1.00	claim_registry		
20260924T225003Z	entity-a88e6781f39b39f4	person	Ro Khanna	Ro Khanna	ro khanna	canonical	exact	1.00	canonical_seed		
20260924T225003Z	entity-a88e6781f39b39f4	person	Ro Khanna	Ro Khanna	ro khanna	extracted_variant	exact	1.00	claim_registry		
20260924T225003Z	entity-a88e6781f39b39f4	person	Ro Khanna	Ro Khanna	ro khanna	profile_slug	canonical_create	1.00	profiles		
20260924T225003Z	entity-fb9ea371b39c2fed	person	Robert Garcia	Robert Garcia	robert garcia	canonical	exact	1.00	canonical_seed		
20260924T225003Z	entity-fb9ea371b39c2fed	person	Robert Garcia	Robert Garcia	robert garcia	profile_slug	canonical_create	1.00	profiles		
20260924T225003Z	entity-51309376a5f429f4	person	Roll Call	Roll Call	roll call	asserted_by	canonical_create	1.00	claim_registry		
20260924T225003Z	entity-51309376a5f429f4	person	Roll Call	Roll Call	roll call	canonical	exact	1.00	canonical_seed		
20260924T225003Z	entity-51309376a5f429f4	person	Roll Call	Roll Call	roll call	extracted_variant	exact	1.00	claim_evidence		
20260924T225003Z	entity-9f7248e579eab7dc	person	Ron Wyden	Ron Wyden	ron wyden	canonical	exact	1.00	canonical_seed		
20260924T225003Z	entity-9f7248e579eab7dc	person	Ron Wyden	Ron Wyden	ron wyden	extracted_variant	canonical_create	1.00	claim_registry		
20260924T225003Z	entity-d91a1d1c21ec91f8	person	Salvatore Nuara	Salvatore Nuara	salvatore nuara	canonical	exact	1.00	canonical_seed		
20260924T225003Z	entity-d91a1d1c21ec91f8	person	Salvatore Nuara	Salvatore Nuara	salvatore nuara	profile_slug	canonical_create	1.00	profiles		
20260924T225003Z	entity-4a6dba146e56146c	person	San Diego	San Diego	san diego	canonical	exact	1.00	canonical_seed		
20260924T225003Z	entity-4a6dba146e56146c	person	San Diego	San Diego	san diego	extracted_variant	canonical_create	1.00	claim_registry		
20260924T225003Z	entity-a2d44e3e885eaaf7	person	Sanford Heisler	Sanford Heisler	sanford heisler	canonical	exact	1.00	canonical_seed		
20260924T225003Z	entity-a2d44e3e885eaaf7	person	Sanford Heisler	Sanford Heisler	sanford heisler	extracted_variant	canonical_create	1.00	claim_evidence		
20260924T225003Z	entity-66f129ec3d0de354	person	Sarah Ferguson	Sarah Ferguson	sarah ferguson	canonical	exact	1.00	canonical_seed		
20260924T225003Z	entity-66f129ec3d0de354	person	Sarah Ferguson	Sarah Ferguson	sarah ferguson	profile_slug	canonical_create	1.00	profiles		
20260924T225003Z	entity-38278b8370613fbb	person	Sarah Kellen	Sarah Kellen	sarah kellen	canonical	exact	1.00	canonical_seed		
20260924T225003Z	entity-38278b8370613fbb	person	Sarah Kellen	Sarah Kellen	sarah kellen	extracted_variant	exact	1.00	claim_registry		
20260924T225003Z	entity-38278b8370613fbb	person	Sarah Kellen	Sarah Kellen	sarah kellen	profile_slug	canonical_create	1.00	profiles		
20260924T225003Z	entity-b8e4d7b6ef48b86d	person	Sarah Ransome	Sarah Ransome	sarah ransome	canonical	exact	1.00	canonical_seed		
20260924T225003Z	entity-b8e4d7b6ef48b86d	person	Sarah Ransome	Sarah Ransome	sarah ransome	profile_slug	canonical_create	1.00	profiles		
20260924T225003Z	entity-905fcc66cd1cdefd	person	Secretary General Thorbjorn Jagland	Secretary General Thorbjorn Jagland	secretary general thorbjorn jagland	canonical	exact	1.00	canonical_seed		
20260924T225003Z	entity-905fcc66cd1cdefd	person	Secretary General Thorbjorn Jagland	Secretary General Thorbjorn Jagland	secretary general thorbjorn jagland	extracted_variant	canonical_create	1.00	claim_registry		
20260924T225003Z	entity-f7735418ceb4fc51	organization	Senate Codes Committee	Senate Codes Committee	senate codes committee	canonical	exact	1.00	canonical_seed		
20260924T225003Z	entity-f7735418ceb4fc51	organization	Senate Codes Committee	Senate Codes Committee	senate codes committee	extracted_variant	canonical_create	1.00	claim_registry		
20260924T225003Z	entity-e5d4a4d8986c5dce	organization	Senate Finance	Senate Finance	senate finance	canonical	exact	1.00	canonical_seed		
20260924T225003Z	entity-e5d4a4d8986c5dce	organization	Senate Finance	Senate Finance	senate finance	extracted_variant	canonical_create	1.00	claim_registry		
20260924T225003Z	entity-426f1f10fd3381c3	organization	Senate Finance Committee	Senate Finance Committee	senate finance committee	canonical	exact	1.00	canonical_seed		
20260924T225003Z	entity-426f1f10fd3381c3	organization	Senate Finance Committee	Senate Finance Committee	senate finance committee	extracted_variant	canonical_create	1.00	claim_registry		
20260924T225003Z	entity-60e68556323811af	organization	Senate Finance Committee (minority)	Senate Finance Committee (minority)	senate finance committee minority	asserted_by	canonical_create	1.00	claim_registry		
20260924T225003Z	entity-60e68556323811af	organization	Senate Finance Committee (minority)	Senate Finance Committee (minority)	senate finance committee minority	canonical	exact	1.00	canonical_seed		
20260924T225003Z	entity-d8368cc8e305f9ce	organization	Senate Finance Committee (minority) / Todd Blanche	Senate Finance Committee (minority) / Todd Blanche	senate finance committee minority todd blanche	asserted_by	canonical_create	1.00	claim_registry		
20260924T225003Z	entity-d8368cc8e305f9ce	organization	Senate Finance Committee (minority) / Todd Blanche	Senate Finance Committee (minority) / Todd Blanche	senate finance committee minority todd blanche	canonical	exact	1.00	canonical_seed		
20260924T225003Z	entity-aac2666886b68084	organization	Senate Finance Committee Ranking	Senate Finance Committee Ranking	senate finance committee ranking	canonical	exact	1.00	canonical_seed		
20260924T225003Z	entity-aac2666886b68084	organization	Senate Finance Committee Ranking	Senate Finance Committee Ranking	senate finance committee ranking	extracted_variant	canonical_create	1.00	claim_registry		
20260924T225003Z	entity-88d290b22aca82b6	organization	Senate Judiciary Committee	Senate Judiciary Committee	senate judiciary committee	canonical	exact	1.00	canonical_seed		
20260924T225003Z	entity-88d290b22aca82b6	organization	Senate Judiciary Committee	Senate Judiciary Committee	senate judiciary committee	extracted_variant	canonical_create	1.00	claim_registry		
20260924T225003Z	entity-8ea464fc7534ce4f	person	Sergey Brin	Sergey Brin	sergey brin	canonical	exact	1.00	canonical_seed		
20260924T225003Z	entity-8ea464fc7534ce4f	person	Sergey Brin	Sergey Brin	sergey brin	profile_slug	canonical_create	1.00	profiles		
20260924T225003Z	entity-d5215fea80fbeb3a	person	Situation Room	Situation Room	situation room	canonical	exact	1.00	canonical_seed		
20260924T225003Z	entity-d5215fea80fbeb3a	person	Situation Room	Situation Room	situation room	extracted_variant	canonical_create	1.00	claim_registry		
20260924T225003Z	entity-06fa392f99a503af	person	Sollis Health	Sollis Health	sollis health	canonical	exact	1.00	canonical_seed		
20260924T225003Z	entity-06fa392f99a503af	person	Sollis Health	Sollis Health	sollis health	extracted_variant	canonical_create	1.00	claim_registry		
20260924T225003Z	entity-b610654f9c8446d2	organization	Source NM / KOB	Source NM / KOB	source nm kob	asserted_by	canonical_create	1.00	claim_registry		
20260924T225003Z	entity-b610654f9c8446d2	organization	Source NM / KOB	Source NM / KOB	source nm kob	canonical	exact	1.00	canonical_seed		
20260924T225003Z	entity-401abacc70d9c02d	person	Southern District	Southern District	southern district	canonical	exact	1.00	canonical_seed		
20260924T225003Z	entity-401abacc70d9c02d	person	Southern District	Southern District	southern district	extracted_variant	canonical_create	1.00	claim_registry		
20260924T225003Z	entity-76e48eba03696445	organization	St. Thomas Source (reporting on DOJ-released FBI memo)	St. Thomas Source (reporting on DOJ-released FBI memo)	st thomas source reporting on doj released fbi memo	asserted_by	canonical_create	1.00	claim_registry		
20260924T225003Z	entity-76e48eba03696445	organization	St. Thomas Source (reporting on DOJ-released FBI memo)	St. Thomas Source (reporting on DOJ-released FBI memo)	st thomas source reporting on doj released fbi memo	canonical	exact	1.00	canonical_seed		
20260924T225003Z	entity-0aaff20e5ebd0b52	person	Stacey Plaskett	Stacey Plaskett	stacey plaskett	canonical	exact	1.00	canonical_seed		
20260924T225003Z	entity-0aaff20e5ebd0b52	person	Stacey Plaskett	Stacey Plaskett	stacey plaskett	extracted_variant	exact	1.00	claim_registry		
20260924T225003Z	entity-0aaff20e5ebd0b52	person	Stacey Plaskett	Stacey Plaskett	stacey plaskett	profile_slug	canonical_create	1.00	profiles		
20260924T225003Z	entity-b95367556c1a26df	person	Steve Bannon	Steve Bannon	steve bannon	canonical	exact	1.00	canonical_seed		
20260924T225003Z	entity-b95367556c1a26df	person	Steve Bannon	Steve Bannon	steve bannon	profile_slug	canonical_create	1.00	profiles		
20260924T225003Z	entity-49cc77e32a9b1d9e	person	Steve Tisch	Steve Tisch	steve tisch	canonical	exact	1.00	canonical_seed		
20260924T225003Z	entity-49cc77e32a9b1d9e	person	Steve Tisch	Steve Tisch	steve tisch	extracted_variant	exact	1.00	claim_registry		
20260924T225003Z	entity-49cc77e32a9b1d9e	person	Steve Tisch	Steve Tisch	steve tisch	profile_slug	canonical_create	1.00	profiles		
20260924T225003Z	entity-9629b8a31983f8a1	organization	Stortinget	Stortinget	stortinget	asserted_by	canonical_create	1.00	claim_registry		
20260924T225003Z	entity-9629b8a31983f8a1	organization	Stortinget	Stortinget	stortinget	canonical	exact	1.00	canonical_seed		
20260924T225003Z	entity-3b645c799f541e85	person	Sultan Ahmed	Sultan Ahmed	sultan ahmed	canonical	exact	1.00	canonical_seed		
20260924T225003Z	entity-3b645c799f541e85	person	Sultan Ahmed	Sultan Ahmed	sultan ahmed	extracted_variant	canonical_create	1.00	claim_registry		
20260924T225003Z	entity-928cdf9846dba2ab	person	Sultan Ahmed Bin Sulayem	Sultan Ahmed Bin Sulayem	sultan ahmed bin sulayem	canonical	exact	1.00	canonical_seed		
20260924T225003Z	entity-928cdf9846dba2ab	person	Sultan Ahmed Bin Sulayem	Sultan Ahmed Bin Sulayem	sultan ahmed bin sulayem	profile_slug	canonical_create	1.00	profiles		
20260924T225003Z	entity-53f42332e3b72b12	person	Summer Lee	Summer Lee	summer lee	canonical	exact	1.00	canonical_seed		
20260924T225003Z	entity-53f42332e3b72b12	person	Summer Lee	Summer Lee	summer lee	profile_slug	canonical_create	1.00	profiles		
20260924T225003Z	entity-c68904502ddeaecb	person	Sweden Herald	Sweden Herald	sweden herald	asserted_by	canonical_create	1.00	claim_registry		
20260924T225003Z	entity-c68904502ddeaecb	person	Sweden Herald	Sweden Herald	sweden herald	canonical	exact	1.00	canonical_seed		
20260924T225003Z	entity-c68904502ddeaecb	person	Sweden Herald	Sweden Herald	sweden herald	extracted_variant	exact	1.00	claim_evidence		
20260924T225003Z	entity-3c85a9dcc6fc519e	person	Ted Waitt	Ted Waitt	ted waitt	canonical	exact	1.00	canonical_seed		
20260924T225003Z	entity-3c85a9dcc6fc519e	person	Ted Waitt	Ted Waitt	ted waitt	profile_slug	canonical_create	1.00	profiles		
20260924T225003Z	entity-eb72ba36a7f4e59f	person	Terje Rod	Terje Rod	terje rod	canonical	exact	1.00	canonical_seed		
20260924T225003Z	entity-eb72ba36a7f4e59f	person	Terje Rod	Terje Rod	terje rod	extracted_variant	canonical_create	1.00	claim_registry		
20260924T225003Z	entity-5b7413741ca3f7dc	person	Terje Rod Larsen	Terje Rod Larsen	terje rod larsen	canonical	exact	1.00	canonical_seed		
20260924T225003Z	entity-5b7413741ca3f7dc	person	Terje Rod Larsen	Terje Rod Larsen	terje rod larsen	profile_slug	canonical_create	1.00	profiles		
20260924T225003Z	entity-56943b3b6910df70	person	Thames Valley Police	Thames Valley Police	thames valley police	canonical	exact	1.00	canonical_seed		
20260924T225003Z	entity-56943b3b6910df70	person	Thames Valley Police	Thames Valley Police	thames valley police	extracted_variant	canonical_create	1.00	claim_registry		
20260924T225003Z	entity-802b5d8cd533b719	person	The Art Newspaper	The Art Newspaper	the art newspaper	canonical	exact	1.00	canonical_seed		
20260924T225003Z	entity-802b5d8cd533b719	person	The Art Newspaper	The Art Newspaper	the art newspaper	extracted_variant	canonical_create	1.00	claim_evidence		
20260924T225003Z	entity-7d3bc4f852f77fe3	organization	The Art Newspaper / AP	The Art Newspaper / AP	the art newspaper ap	asserted_by	canonical_create	1.00	claim_registry		
20260924T225003Z	entity-7d3bc4f852f77fe3	organization	The Art Newspaper / AP	The Art Newspaper / AP	the art newspaper ap	canonical	exact	1.00	canonical_seed		
20260924T225003Z	entity-0f0301249de591b1	person	The Council	The Council	the council	canonical	exact	1.00	canonical_seed		
20260924T225003Z	entity-0f0301249de591b1	person	The Council	The Council	the council	extracted_variant	canonical_create	1.00	claim_registry		
20260924T225003Z	entity-3672e8ded5e31ce6	person	The Dream Team Defense	The Dream Team Defense	the dream team defense	canonical	exact	1.00	canonical_seed		
20260924T225003Z	entity-3672e8ded5e31ce6	person	The Dream Team Defense	The Dream Team Defense	the dream team defense	profile_slug	canonical_create	1.00	profiles		
20260924T225003Z	entity-983fc8c874d896dd	person	The Epstein Files Transparency	The Epstein Files Transparency	the epstein files transparency	canonical	exact	1.00	canonical_seed		
20260924T225003Z	entity-983fc8c874d896dd	person	The Epstein Files Transparency	The Epstein Files Transparency	the epstein files transparency	extracted_variant	canonical_create	1.00	claim_registry		
20260924T225003Z	entity-dc2688f656e23280	person	The Gates Foundation	The Gates Foundation	the gates foundation	canonical	exact	1.00	canonical_seed		
20260924T225003Z	entity-dc2688f656e23280	person	The Gates Foundation	The Gates Foundation	the gates foundation	extracted_variant	canonical_create	1.00	claim_registry		
20260924T225003Z	entity-6aa3bb87bca968a3	organization	The Government Accountability Office	The Government Accountability Office	the government accountability office	canonical	exact	1.00	canonical_seed		
20260924T225003Z	entity-6aa3bb87bca968a3	organization	The Government Accountability Office	The Government Accountability Office	the government accountability office	extracted_variant	canonical_create	1.00	claim_registry		
20260924T225003Z	entity-26c6114fe70d59e9	person	The Harvard Crimson	The Harvard Crimson	the harvard crimson	asserted_by	canonical_create	1.00	claim_registry		
20260924T225003Z	entity-26c6114fe70d59e9	person	The Harvard Crimson	The Harvard Crimson	the harvard crimson	canonical	exact	1.00	canonical_seed		
20260924T225003Z	entity-26c6114fe70d59e9	person	The Harvard Crimson	The Harvard Crimson	the harvard crimson	extracted_variant	exact	1.00	claim_registry		
20260924T225003Z	entity-62937408347fffc6	person	The Hill	The Hill	the hill	asserted_by	canonical_create	1.00	claim_registry		
20260924T225003Z	entity-62937408347fffc6	person	The Hill	The Hill	the hill	canonical	exact	1.00	canonical_seed		
20260924T225003Z	entity-62937408347fffc6	person	The Hill	The Hill	the hill	extracted_variant	exact	1.00	claim_evidence		
20260924T225003Z	entity-539e2f80919e167d	person	The Hill / Newsweek	The Hill / Newsweek	the hill newsweek	asserted_by	canonical_create	1.00	claim_registry		
20260924T225003Z	entity-539e2f80919e167d	person	The Hill / Newsweek	The Hill / Newsweek	the hill newsweek	canonical	exact	1.00	canonical_seed		
20260924T225003Z	entity-0b50bca4b2bac18c	person	The Hill / Washington Examiner	The Hill / Washington Examiner	the hill washington examiner	asserted_by	canonical_create	1.00	claim_registry		
20260924T225003Z	entity-0b50bca4b2bac18c	person	The Hill / Washington Examiner	The Hill / Washington Examiner	the hill washington examiner	canonical	exact	1.00	canonical_seed		
20260924T225003Z	entity-4a05c0472738a6ce	person	The Hollywood Circle	The Hollywood Circle	the hollywood circle	canonical	exact	1.00	canonical_seed		
20260924T225003Z	entity-4a05c0472738a6ce	person	The Hollywood Circle	The Hollywood Circle	the hollywood circle	profile_slug	canonical_create	1.00	profiles		
20260924T225003Z	entity-cd61861e7286bb53	organization	The House	The House	the house	canonical	exact	1.00	canonical_seed		
20260924T225003Z	entity-cd61861e7286bb53	organization	The House	The House	the house	extracted_variant	canonical_create	1.00	claim_registry		
20260924T225003Z	entity-2804521a412ddb4d	organization	The House Oversight Committee	The House Oversight Committee	the house oversight committee	canonical	exact	1.00	canonical_seed		
20260924T225003Z	entity-2804521a412ddb4d	organization	The House Oversight Committee	The House Oversight Committee	the house oversight committee	extracted_variant	canonical_create	1.00	claim_registry		
20260924T225003Z	entity-1d223d54ce882794	organization	The Household Staff	The Household Staff	the household staff	canonical	exact	1.00	canonical_seed		
20260924T225003Z	entity-1d223d54ce882794	organization	The Household Staff	The Household Staff	the household staff	profile_slug	canonical_create	1.00	profiles		
20260924T225003Z	entity-51324e6c289a4f24	person	The Institute	The Institute	the institute	canonical	exact	1.00	canonical_seed		
20260924T225003Z	entity-51324e6c289a4f24	person	The Institute	The Institute	the institute	extracted_variant	canonical_create	1.00	claim_registry		
20260924T225003Z	entity-f218b4460c3f0316	person	The Journalists	The Journalists	the journalists	canonical	exact	1.00	canonical_seed		
20260924T225003Z	entity-f218b4460c3f0316	person	The Journalists	The Journalists	the journalists	profile_slug	canonical_create	1.00	profiles		
20260924T225003Z	entity-4bf7043840582bf6	person	The Lawyers	The Lawyers	the lawyers	canonical	exact	1.00	canonical_seed		
20260924T225003Z	entity-4bf7043840582bf6	person	The Lawyers	The Lawyers	the lawyers	profile_slug	canonical_create	1.00	profiles		
20260924T225003Z	entity-b402670715e027a9	person	The Legal Crusaders	The Legal Crusaders	the legal crusaders	canonical	exact	1.00	canonical_seed		
20260924T225003Z	entity-b402670715e027a9	person	The Legal Crusaders	The Legal Crusaders	the legal crusaders	profile_slug	canonical_create	1.00	profiles		
20260924T225003Z	entity-0b5901c6e019db4c	person	The Local Norway	The Local Norway	the local norway	canonical	exact	1.00	canonical_seed		
20260924T225003Z	entity-0b5901c6e019db4c	person	The Local Norway	The Local Norway	the local norway	extracted_variant	canonical_create	1.00	claim_evidence		
20260924T225003Z	entity-64e2936fd6eec616	person	The Metropolitan Police	The Metropolitan Police	the metropolitan police	canonical	exact	1.00	canonical_seed		
20260924T225003Z	entity-64e2936fd6eec616	person	The Metropolitan Police	The Metropolitan Police	the metropolitan police	extracted_variant	canonical_create	1.00	claim_registry		
20260924T225003Z	entity-376bcc420026df2f	person	The Scotsman	The Scotsman	the scotsman	canonical	exact	1.00	canonical_seed		
20260924T225003Z	entity-376bcc420026df2f	person	The Scotsman	The Scotsman	the scotsman	extracted_variant	canonical_create	1.00	claim_evidence		
20260924T225003Z	entity-6f077029adaa8c8c	organization	The Scotsman / LBC	The Scotsman / LBC	the scotsman lbc	asserted_by	canonical_create	1.00	claim_registry		
20260924T225003Z	entity-6f077029adaa8c8c	organization	The Scotsman / LBC	The Scotsman / LBC	the scotsman lbc	canonical	exact	1.00	canonical_seed		
20260924T225003Z	entity-730ea553669f1006	organization	The Senate	The Senate	the senate	canonical	exact	1.00	canonical_seed		
20260924T225003Z	entity-730ea553669f1006	organization	The Senate	The Senate	the senate	extracted_variant	canonical_create	1.00	claim_registry		
20260924T225003Z	entity-a2d6c94d28bcf576	person	The Survivors	The Survivors	the survivors	canonical	exact	1.00	canonical_seed		
20260924T225003Z	entity-a2d6c94d28bcf576	person	The Survivors	The Survivors	the survivors	extracted_variant	canonical_create	1.00	claim_registry		
20260924T225003Z	entity-0ad2d53f238417a2	person	The Wall Street Journal	The Wall Street Journal	the wall street journal	canonical	exact	1.00	canonical_seed		
20260924T225003Z	entity-0ad2d53f238417a2	person	The Wall Street Journal	The Wall Street Journal	the wall street journal	extracted_variant	canonical_create	1.00	claim_registry		
20260924T225003Z	entity-1f77539343be6069	person	The Washington Post	The Washington Post	the washington post	canonical	exact	1.00	canonical_seed		
20260924T225003Z	entity-1f77539343be6069	person	The Washington Post	The Washington Post	the washington post	extracted_variant	canonical_create	1.00	claim_registry		
20260924T225003Z	entity-de3916360649cb03	person	Thomas Magnani	Thomas Magnani	thomas magnani	canonical	exact	1.00	canonical_seed		
20260924T225003Z	entity-de3916360649cb03	person	Thomas Magnani	Thomas Magnani	thomas magnani	extracted_variant	canonical_create	1.00	claim_registry		
20260924T225003Z	entity-a3dad1d2271a245e	person	Thomas Massie	Thomas Massie	thomas massie	canonical	exact	1.00	canonical_seed		
20260924T225003Z	entity-a3dad1d2271a245e	person	Thomas Massie	Thomas Massie	thomas massie	extracted_variant	exact	1.00	claim_registry		
20260924T225003Z	entity-a3dad1d2271a245e	person	Thomas Massie	Thomas Massie	thomas massie	profile_slug	canonical_create	1.00	profiles		
20260924T225003Z	entity-4b4e0b2f470ca577	person	Thomas Source	Thomas Source	thomas source	canonical	exact	1.00	canonical_seed		
20260924T225003Z	entity-4b4e0b2f470ca577	person	Thomas Source	Thomas Source	thomas source	extracted_variant	canonical_create	1.00	claim_evidence		
20260924T225003Z	entity-0d87c75375c7e8ed	person	Thorbjorn Jagland	Thorbjorn Jagland	thorbjorn jagland	canonical	exact	1.00	canonical_seed		
20260924T225003Z	entity-0d87c75375c7e8ed	person	Thorbjorn Jagland	Thorbjorn Jagland	thorbjorn jagland	extracted_variant	exact	1.00	claim_registry		
20260924T225003Z	entity-0d87c75375c7e8ed	person	Thorbjorn Jagland	Thorbjorn Jagland	thorbjorn jagland	profile_slug	canonical_create	1.00	profiles		
20260924T225003Z	entity-b82b4db08655a2e3	person	Todd Blanche	Todd Blanche	todd blanche	canonical	exact	1.00	canonical_seed		
20260924T225003Z	entity-b82b4db08655a2e3	person	Todd Blanche	Todd Blanche	todd blanche	extracted_variant	exact	1.00	claim_registry		
20260924T225003Z	entity-b82b4db08655a2e3	person	Todd Blanche	Todd Blanche	todd blanche	profile_slug	canonical_create	1.00	profiles		
20260924T225003Z	entity-768430ab506bd48f	person	Tom Barrack	Tom Barrack	tom barrack	canonical	exact	1.00	canonical_seed		
20260924T225003Z	entity-768430ab506bd48f	person	Tom Barrack	Tom Barrack	tom barrack	profile_slug	canonical_create	1.00	profiles		
20260924T225003Z	entity-cc78f2117c9671a9	person	Tom Pritzker	Tom Pritzker	tom pritzker	canonical	exact	1.00	canonical_seed		
20260924T225003Z	entity-cc78f2117c9671a9	person	Tom Pritzker	Tom Pritzker	tom pritzker	profile_slug	canonical_create	1.00	profiles		
20260924T225003Z	entity-e522d444d85f4c21	person	Tova Noel	Tova Noel	tova noel	canonical	exact	1.00	canonical_seed		
20260924T225003Z	entity-e522d444d85f4c21	person	Tova Noel	Tova Noel	tova noel	profile_slug	canonical_create	1.00	profiles		
20260924T225003Z	entity-b107aecb2aca9269	person	Trafficking Survivor Recovery	Trafficking Survivor Recovery	trafficking survivor recovery	canonical	exact	1.00	canonical_seed		
20260924T225003Z	entity-b107aecb2aca9269	person	Trafficking Survivor Recovery	Trafficking Survivor Recovery	trafficking survivor recovery	extracted_variant	canonical_create	1.00	claim_registry		
20260924T225003Z	entity-2d311fc8c665b85e	person	Truth Commission	Truth Commission	truth commission	canonical	exact	1.00	canonical_seed		
20260924T225003Z	entity-2d311fc8c665b85e	person	Truth Commission	Truth Commission	truth commission	extracted_variant	canonical_create	1.00	claim_registry		
20260924T225003Z	entity-9f4caba446cd487e	person	Tucker Carlson	Tucker Carlson	tucker carlson	canonical	exact	1.00	canonical_seed		
20260924T225003Z	entity-9f4caba446cd487e	person	Tucker Carlson	Tucker Carlson	tucker carlson	extracted_variant	canonical_create	1.00	claim_registry		
20260924T225003Z	entity-42d2f3f2c44916e9	organization	U.S. Attorney's Office SDNY	U.S. Attorney's Office SDNY	u s attorney s office sdny	asserted_by	canonical_create	1.00	claim_registry		
20260924T225003Z	entity-42d2f3f2c44916e9	organization	U.S. Attorney's Office SDNY	U.S. Attorney's Office SDNY	u s attorney s office sdny	canonical	exact	1.00	canonical_seed		
20260924T225003Z	entity-8bbd564343596377	organization	U.S. District Court for D.C. (reported)	U.S. District Court for D.C. (reported)	u s district court for d c reported	asserted_by	canonical_create	1.00	claim_registry		
20260924T225003Z	entity-8bbd564343596377	organization	U.S. District Court for D.C. (reported)	U.S. District Court for D.C. (reported)	u s district court for d c reported	canonical	exact	1.00	canonical_seed		
20260924T225003Z	entity-661f86cbe91e1b6b	person	United States	United States	united states	canonical	exact	1.00	canonical_seed		
20260924T225003Z	entity-661f86cbe91e1b6b	person	United States	United States	united states	extracted_variant	canonical_create	1.00	claim_registry		
20260924T225003Z	entity-5c180ab21e63c462	organization	UPI / Reuters	UPI / Reuters	upi reuters	asserted_by	canonical_create	1.00	claim_registry		
20260924T225003Z	entity-5c180ab21e63c462	organization	UPI / Reuters	UPI / Reuters	upi reuters	canonical	exact	1.00	canonical_seed		
20260924T225003Z	entity-4f10e487398fa355	organization	UPI / The Hill	UPI / The Hill	upi the hill	asserted_by	canonical_create	1.00	claim_registry		
20260924T225003Z	entity-4f10e487398fa355	organization	UPI / The Hill	UPI / The Hill	upi the hill	canonical	exact	1.00	canonical_seed		
20260924T225003Z	entity-baf7c1d6fe7baf82	person	Vice President Vance	Vice President Vance	vice president vance	canonical	exact	1.00	canonical_seed		
20260924T225003Z	entity-baf7c1d6fe7baf82	person	Vice President Vance	Vice President Vance	vice president vance	extracted_variant	canonical_create	1.00	claim_registry		
20260924T225003Z	entity-74a98f99f9795091	person	Viral Names	Viral Names	viral names	canonical	exact	1.00	canonical_seed		
20260924T225003Z	entity-74a98f99f9795091	person	Viral Names	Viral Names	viral names	profile_slug	canonical_create	1.00	profiles		
20260924T225003Z	entity-85237c31f40aab0c	person	Virgin Islands	Virgin Islands	virgin islands	canonical	exact	1.00	canonical_seed		
20260924T225003Z	entity-85237c31f40aab0c	person	Virgin Islands	Virgin Islands	virgin islands	extracted_variant	canonical_create	1.00	claim_registry		
20260924T225003Z	entity-06f5c167bf4cb85e	person	Virgin Islands Attorney General	Virgin Islands Attorney General	virgin islands attorney general	canonical	exact	1.00	canonical_seed		
20260924T225003Z	entity-06f5c167bf4cb85e	person	Virgin Islands Attorney General	Virgin Islands Attorney General	virgin islands attorney general	extracted_variant	canonical_create	1.00	claim_registry		
20260924T225003Z	entity-5edfb6f83a3f2634	person	Virgin Islands Gov	Virgin Islands Gov	virgin islands gov	canonical	exact	1.00	canonical_seed		
20260924T225003Z	entity-5edfb6f83a3f2634	person	Virgin Islands Gov	Virgin Islands Gov	virgin islands gov	extracted_variant	canonical_create	1.00	claim_registry		
20260924T225003Z	entity-9596e84dc49b2515	person	Virginia Giuffre	Virginia Giuffre	virginia giuffre	canonical	exact	1.00	canonical_seed		
20260924T225003Z	entity-9596e84dc49b2515	person	Virginia Giuffre	Virginia Giuffre	virginia giuffre	profile_slug	canonical_create	1.00	profiles		
20260924T225003Z	entity-178e96e33089c25a	person	Voice Protection Act	Voice Protection Act	voice protection act	canonical	exact	1.00	canonical_seed		
20260924T225003Z	entity-178e96e33089c25a	person	Voice Protection Act	Voice Protection Act	voice protection act	extracted_variant	canonical_create	1.00	claim_registry		
20260924T225003Z	entity-e131ded91d8103c4	person	Volokh Conspiracy / Tucson Sentinel	Volokh Conspiracy / Tucson Sentinel	volokh conspiracy tucson sentinel	asserted_by	canonical_create	1.00	claim_registry		
20260924T225003Z	entity-e131ded91d8103c4	person	Volokh Conspiracy / Tucson Sentinel	Volokh Conspiracy / Tucson Sentinel	volokh conspiracy tucson sentinel	canonical	exact	1.00	canonical_seed		
20260924T225003Z	entity-a9e77f17663d1706	organization	VTDigger / NHPR / The Dartmouth	VTDigger / NHPR / The Dartmouth	vtdigger nhpr the dartmouth	asserted_by	canonical_create	1.00	claim_registry		
20260924T225003Z	entity-a9e77f17663d1706	organization	VTDigger / NHPR / The Dartmouth	VTDigger / NHPR / The Dartmouth	vtdigger nhpr the dartmouth	canonical	exact	1.00	canonical_seed		
20260924T225003Z	entity-45237e96fea596f6	person	Wall Street Journal (via CNBC/Forbes)	Wall Street Journal (via CNBC/Forbes)	wall street journal via cnbc forbes	asserted_by	canonical_create	1.00	claim_registry		
20260924T225003Z	entity-45237e96fea596f6	person	Wall Street Journal (via CNBC/Forbes)	Wall Street Journal (via CNBC/Forbes)	wall street journal via cnbc forbes	canonical	exact	1.00	canonical_seed		
20260924T225003Z	entity-c98460064c48adb9	person	Washington Examiner	Washington Examiner	washington examiner	canonical	exact	1.00	canonical_seed		
20260924T225003Z	entity-c98460064c48adb9	person	Washington Examiner	Washington Examiner	washington examiner	extracted_variant	canonical_create	1.00	claim_evidence		
20260924T225003Z	entity-854bf3e6e52c3dd1	organization	Washington Examiner / PBS	Washington Examiner / PBS	washington examiner pbs	asserted_by	canonical_create	1.00	claim_registry		
20260924T225003Z	entity-854bf3e6e52c3dd1	organization	Washington Examiner / PBS	Washington Examiner / PBS	washington examiner pbs	canonical	exact	1.00	canonical_seed		
20260924T225003Z	entity-0ed790114511fedd	person	Washington Post	Washington Post	washington post	asserted_by	canonical_create	1.00	claim_registry		
20260924T225003Z	entity-0ed790114511fedd	person	Washington Post	Washington Post	washington post	canonical	exact	1.00	canonical_seed		
20260924T225003Z	entity-0ed790114511fedd	person	Washington Post	Washington Post	washington post	extracted_variant	exact	1.00	claim_evidence		
20260924T225003Z	entity-d9317d5d486f8019	organization	Washington Post / NBC	Washington Post / NBC	washington post nbc	asserted_by	canonical_create	1.00	claim_registry		
20260924T225003Z	entity-d9317d5d486f8019	organization	Washington Post / NBC	Washington Post / NBC	washington post nbc	canonical	exact	1.00	canonical_seed		
20260924T225003Z	entity-9d4956c05519cb9d	organization	Washington Post / TIME	Washington Post / TIME	washington post time	asserted_by	canonical_create	1.00	claim_registry		
20260924T225003Z	entity-9d4956c05519cb9d	organization	Washington Post / TIME	Washington Post / TIME	washington post time	canonical	exact	1.00	canonical_seed		
20260924T225003Z	entity-968b5e29e9ead945	person	Wexner Foundation	Wexner Foundation	wexner foundation	canonical	exact	1.00	canonical_seed		
20260924T225003Z	entity-968b5e29e9ead945	person	Wexner Foundation	Wexner Foundation	wexner foundation	extracted_variant	canonical_create	1.00	claim_registry		
20260924T225003Z	entity-48588e921db6809a	organization	White House	White House	white house	canonical	exact	1.00	canonical_seed		
20260924T225003Z	entity-48588e921db6809a	organization	White House	White House	white house	extracted_variant	canonical_create	1.00	claim_registry		
20260924T225003Z	entity-5d429ce4d4edb06f	person	William Burns	William Burns	william burns	canonical	exact	1.00	canonical_seed		
20260924T225003Z	entity-5d429ce4d4edb06f	person	William Burns	William Burns	william burns	profile_slug	canonical_create	1.00	profiles		
20260924T225003Z	entity-7c6341209f81aa34	organization	WOSU	WOSU	wosu	asserted_by	canonical_create	1.00	claim_registry		
20260924T225003Z	entity-7c6341209f81aa34	organization	WOSU	WOSU	wosu	canonical	exact	1.00	canonical_seed		
20260924T225003Z	entity-a9e4814b57dd479c	organization	WOSU / The Lantern	WOSU / The Lantern	wosu the lantern	asserted_by	canonical_create	1.00	claim_registry		
20260924T225003Z	entity-a9e4814b57dd479c	organization	WOSU / The Lantern	WOSU / The Lantern	wosu the lantern	canonical	exact	1.00	canonical_seed		
20260924T225003Z	entity-dd74a624279a6a46	person	Yale Daily News	Yale Daily News	yale daily news	canonical	exact	1.00	canonical_seed		
20260924T225003Z	entity-dd74a624279a6a46	person	Yale Daily News	Yale Daily News	yale daily news	extracted_variant	canonical_create	1.00	claim_evidence		
20260924T225003Z	entity-6e27ee8506a25dfb	person	Yale University	Yale University	yale university	canonical	exact	1.00	canonical_seed		
20260924T225003Z	entity-6e27ee8506a25dfb	person	Yale University	Yale University	yale university	extracted_variant	canonical_create	1.00	claim_registry		
20260924T225003Z	entity-8efe2b80368d94ac	person	Zellnor Myrie	Zellnor Myrie	zellnor myrie	canonical	exact	1.00	canonical_seed		
20260924T225003Z	entity-8efe2b80368d94ac	person	Zellnor Myrie	Zellnor Myrie	zellnor myrie	extracted_variant	canonical_create	1.00	claim_registry		
20260924T225003Z	entity-d1786ada1024dcdb	person	Zorro Ranch	Zorro Ranch	zorro ranch	canonical	exact	1.00	canonical_seed		
20260924T225003Z	entity-d1786ada1024dcdb	person	Zorro Ranch	Zorro Ranch	zorro ranch	extracted_variant	canonical_create	1.00	claim_registry		
20260924T225003Z	entity-995e1898af6bff00	person	Zuckerman Mind Brain Behavior	Zuckerman Mind Brain Behavior	zuckerman mind brain behavior	canonical	exact	1.00	canonical_seed		
20260924T225003Z	entity-995e1898af6bff00	person	Zuckerman Mind Brain Behavior	Zuckerman Mind Brain Behavior	zuckerman mind brain behavior	extracted_variant	canonical_create	1.00	claim_registry		
20260924T225003Z	entity-73f760f84bb3574b	person	Zurab Mikeladze	Zurab Mikeladze	zurab mikeladze	canonical	exact	1.00	canonical_seed		
20260924T225003Z	entity-73f760f84bb3574b	person	Zurab Mikeladze	Zurab Mikeladze	zurab mikeladze	profile_slug	canonical_create	1.00	profiles		
